/documents/remarks-white-house-coronavirus-task-force-press-briefing-3,Remarks at a White House Coronavirus Task Force Press Briefing,2020-03-17,"
    Washington, DC  "
/documents/remarks-meeting-with-tourism-industry-executives-the-federal-governments-coronavirus,Remarks in a Meeting With Tourism Industry Executives on the Federal Government's Coronavirus Response and an Exchange...,2020-03-17,"
    Washington, DC  "
/documents/remarks-white-house-coronavirus-task-force-press-briefing-4,Remarks at a White House Coronavirus Task Force Press Briefing,2020-03-18,"
    Washington, DC  "
/documents/remarks-meeting-with-nursing-industry-leaders-the-federal-governments-response-the,Remarks in a Meeting With Nursing Industry Leaders on the Federal Government's Response to the Coronavirus,2020-03-18,"
    Washington, DC  "
/documents/remarks-white-house-coronavirus-task-force-press-briefing-5,Remarks at a White House Coronavirus Task Force Press Briefing,2020-03-19,"
    Washington, DC  "
/documents/remarks-during-video-teleconference-with-governors-coronavirus-preparedness-and-response,Remarks During a Video Teleconference With Governors on Coronavirus Preparedness and Response Efforts,2020-03-19,"
    Washington, DC  "
/documents/remarks-white-house-coronavirus-task-force-press-briefing-6,Remarks at a White House Coronavirus Task Force Press Briefing,2020-03-20,"
    Washington, DC  "
/documents/remarks-white-house-coronavirus-task-force-press-briefing-7,Remarks at a White House Coronavirus Task Force Press Briefing,2020-03-21,"
    Washington, DC  "
/documents/remarks-white-house-coronavirus-task-force-press-briefing-8,Remarks at a White House Coronavirus Task Force Press Briefing,2020-03-22,"
    Washington, DC  "
/documents/remarks-white-house-coronavirus-task-force-press-briefing-9,Remarks at a White House Coronavirus Task Force Press Briefing,2020-03-23,"
    Washington, DC  "
/documents/remarks-question-and-answer-session-fox-news-virtual-town-hall-the-coronavirus-pandemic,Remarks in a Question-and-Answer Session at a Fox News Virtual Town Hall on the Coronavirus Pandemic,2020-03-24,"
    Washington, DC  "
/documents/remarks-white-house-coronavirus-task-force-press-briefing-10,Remarks at a White House Coronavirus Task Force Press Briefing,2020-03-24,"
    Washington, DC  "
/documents/remarks-white-house-coronavirus-task-force-press-briefing-11,Remarks at a White House Coronavirus Task Force Press Briefing,2020-03-25,"
    Washington, DC  "
/documents/remarks-white-house-coronavirus-task-force-press-briefing-12,Remarks at a White House Coronavirus Task Force Press Briefing,2020-03-26,"
    Washington, DC  "
/documents/remarks-signing-the-coronavirus-aid-relief-and-economic-security-act-and-exchange-with,"Remarks on Signing the Coronavirus Aid, Relief, and Economic Security Act and an Exchange With Reporters",2020-03-27,"
    Washington, DC  "
/documents/remarks-white-house-coronavirus-task-force-press-briefing-13,Remarks at a White House Coronavirus Task Force Press Briefing,2020-03-27,"
    Washington, DC  "
/documents/remarks-exchange-with-reporters-prior-departure-for-norfolk-virginia,"Remarks in an Exchange With Reporters Prior to Departure for Norfolk, Virginia",2020-03-28,"
    Washington, DC  "
/documents/remarks-exchange-with-reporters-joint-base-andrews-maryland-5,"Remarks in an Exchange With Reporters at Joint Base Andrews, Maryland",2020-03-28,"
    Maryland  "
/documents/remarks-send-off-ceremony-for-the-usns-comfort-naval-station-norfolk-virginia,"Remarks at a Send-Off Ceremony for the USNS Comfort at Naval Station Norfolk, Virginia",2020-03-28,"
    Virginia  "
/documents/remarks-during-meeting-with-supply-chain-distributors-the-federal-governments-coronavirus,Remarks During a Meeting With Supply Chain Distributors on the Federal Government's Coronavirus Response and an...,2020-03-29,"
    Washington, DC  "
/documents/remarks-white-house-coronavirus-task-force-press-briefing-14,Remarks at a White House Coronavirus Task Force Press Briefing,2020-03-29,"
    Washington, DC  "
/documents/remarks-white-house-coronavirus-task-force-press-briefing-15,Remarks at a White House Coronavirus Task Force Press Briefing,2020-03-30,"
    Washington, DC  "
/documents/remarks-white-house-coronavirus-task-force-press-briefing-16,Remarks at a White House Coronavirus Task Force Press Briefing,2020-03-31,"
    Washington, DC  "
/documents/remarks-white-house-coronavirus-task-force-press-briefing-17,Remarks at a White House Coronavirus Task Force Press Briefing,2020-04-01,"
    Washington, DC  "
/documents/remarks-white-house-coronavirus-task-force-press-briefing-18,Remarks at a White House Coronavirus Task Force Press Briefing,2020-04-02,"
    Washington, DC  "
/documents/remarks-meeting-with-energy-sector-chief-executive-officers-and-exchange-with-reporters,Remarks in a Meeting With Energy Sector Chief Executive Officers and an Exchange With Reporters,2020-04-03,"
    Washington, DC  "
/documents/remarks-white-house-coronavirus-task-force-press-briefing-19,Remarks at a White House Coronavirus Task Force Press Briefing,2020-04-03,"
    Washington, DC  "
/documents/remarks-white-house-coronavirus-task-force-press-briefing-20,Remarks at a White House Coronavirus Task Force Press Briefing,2020-04-04,"
    Washington, DC  "
/documents/remarks-white-house-coronavirus-task-force-press-briefing-21,Remarks at a White House Coronavirus Task Force Press Briefing,2020-04-05,"
    Washington, DC  "
/documents/remarks-white-house-coronavirus-task-force-press-briefing-22,Remarks at a White House Coronavirus Task Force Press Briefing,2020-04-06,"
    Washington, DC  "
/documents/remarks-teleconference-with-banking-industry-leaders-financial-assistance-small-businesses,Remarks in a Teleconference With Banking Industry Leaders on Financial Assistance to Small Businesses and an Exchange With...,2020-04-07,"
    Washington, DC  "
/documents/remarks-white-house-coronavirus-task-force-press-briefing-23,Remarks at a White House Coronavirus Task Force Press Briefing,2020-04-07,"
    Washington, DC  "
/documents/remarks-white-house-coronavirus-task-force-press-briefing-24,Remarks at a White House Coronavirus Task Force Press Briefing,2020-04-08,"
    Washington, DC  "
/documents/remarks-white-house-coronavirus-task-force-press-briefing-25,Remarks at a White House Coronavirus Task Force Press Briefing,2020-04-09,"
    Washington, DC  "
/documents/remarks-easter-blessing-and-exchange-with-reporters,Remarks at an Easter Blessing and an Exchange With Reporters,2020-04-10,"
    Washington, DC  "
/documents/remarks-white-house-coronavirus-task-force-press-briefing-26,Remarks at a White House Coronavirus Task Force Press Briefing,2020-04-10,"
    Washington, DC  "
/documents/remarks-white-house-coronavirus-task-force-press-briefing-27,Remarks at a White House Coronavirus Task Force Press Briefing,2020-04-13,"
    Washington, DC  "
/documents/remarks-meeting-with-recovered-coronavirus-patients,Remarks in a Meeting With Recovered Coronavirus Patients,2020-04-14,"
    Washington, DC  "
/documents/remarks-meeting-with-health-care-industry-executives,Remarks in a Meeting With Health Care Industry Executives,2020-04-14,"
    Washington, DC  "
/documents/remarks-white-house-coronavirus-task-force-press-briefing-28,Remarks at a White House Coronavirus Task Force Press Briefing,2020-04-15,"
    Washington, DC  "
/documents/remarks-honoring-the-nations-truck-drivers,Remarks Honoring the Nation's Truck Drivers,2020-04-16,"
    Washington, DC  "
/documents/remarks-white-house-coronavirus-task-force-press-briefing-29,Remarks at a White House Coronavirus Task Force Press Briefing,2020-04-16,"
    Washington, DC  "
/documents/remarks-white-house-coronavirus-task-force-press-briefing-30,Remarks at a White House Coronavirus Task Force Press Briefing,2020-04-17,"
    Washington, DC  "
/documents/remarks-white-house-coronavirus-task-force-press-briefing-31,Remarks at a White House Coronavirus Task Force Press Briefing,2020-04-18,"
    Washington, DC  "
/documents/remarks-white-house-coronavirus-task-force-press-briefing-33,Remarks at a White House Coronavirus Task Force Press Briefing,2020-04-19,"
    Washington, DC  "
/documents/remarks-white-house-coronavirus-task-force-press-briefing-32,Remarks at a White House Coronavirus Task Force Press Briefing,2020-04-20,"
    Washington, DC  "
/documents/remarks-white-house-coronavirus-task-force-press-briefing-34,Remarks at a White House Coronavirus Task Force Press Briefing,2020-04-21,"
    Washington, DC  "
/documents/remarks-earth-day-and-arbor-day-tree-planting-ceremony,Remarks at an Earth Day and Arbor Day Tree-Planting Ceremony,2020-04-22,"
    Washington, DC  "
/documents/remarks-white-house-coronavirus-task-force-press-briefing-35,Remarks at a White House Coronavirus Task Force Press Briefing,2020-04-22,"
    Washington, DC  "
/documents/remarks-white-house-coronavirus-task-force-press-briefing-36,Remarks at a White House Coronavirus Task Force Press Briefing,2020-04-23,"
    Washington, DC  "
/documents/remarks-signing-the-paycheck-protection-program-and-health-care-enhancement-act-and,Remarks on Signing the Paycheck Protection Program and Health Care Enhancement Act and an Exchange With Reporters,2020-04-24,"
    Washington, DC  "
/documents/remarks-white-house-coronavirus-task-force-press-briefing-37,Remarks at a White House Coronavirus Task Force Press Briefing,2020-04-24,"
    Washington, DC  "
/documents/remarks-meeting-with-retail-business-leaders-coronavirus-testing,Remarks in a Meeting With Retail Business Leaders on Coronavirus Testing,2020-04-27,"
    Washington, DC  "
/documents/remarks-white-house-coronavirus-task-force-press-briefing-38,Remarks at a White House Coronavirus Task Force Press Briefing,2020-04-27,"
    Washington, DC  "
/documents/remarks-meeting-with-governor-ronald-d-desantis-florida-and-exchange-with-reporters,Remarks in a Meeting With Governor Ronald D. DeSantis of Florida and an Exchange With Reporters,2020-04-28,"
    Washington, DC  "
/documents/remarks-small-business-owners-the-paycheck-protection-program-and-exchange-with-reporters,Remarks to Small-Business Owners on the Paycheck Protection Program and an Exchange With Reporters,2020-04-28,"
    Washington, DC  "
/documents/remarks-meeting-with-governor-john-bel-edwards-louisiana-and-exchange-with-reporters,Remarks in a Meeting With Governor John Bel Edwards of Louisiana and an Exchange With Reporters,2020-04-29,"
    Washington, DC  "
/documents/remarks-roundtable-discussion-with-business-leaders-the-resumption-economic-and-commercial,Remarks in a Roundtable Discussion With Business Leaders on the Resumption of Economic and Commercial Activity and an...,2020-04-29,"
    Washington, DC  "
/documents/remarks-meeting-with-governor-philip-d-murphy-new-jersey-and-exchange-with-reporters,Remarks in a Meeting With Governor Philip D. Murphy of New Jersey and an Exchange With Reporters,2020-04-30,"
    Washington, DC  "
/documents/remarks-efforts-protect-seniors-from-the-coronavirus-and-exchange-with-reporters,Remarks on Efforts To Protect Seniors From the Coronavirus and an Exchange With Reporters,2020-04-30,"
    Washington, DC  "
/documents/remarks-announcing-the-food-and-drug-administrations-emergency-use-authorization,Remarks Announcing the Food and Drug Administration's Emergency Use Authorization of Remdesivir for the Treatment of...,2020-05-01,"
    Washington, DC  "
/documents/remarks-honoring-the-hard-work-heroism-and-hope-demonstrated-american-citizens-during-the,"Remarks Honoring the Hard Work, Heroism, and Hope Demonstrated by American Citizens During the Coronavirus Pandemic",2020-05-01,"
    Washington, DC  "
/documents/remarks-exchange-with-reporters-prior-departure-for-camp-david-maryland-1,"Remarks in an Exchange With Reporters Prior to Departure for Camp David, Maryland",2020-05-01,"
    Washington, DC  "
/documents/remarks-and-question-and-answer-session-fox-news-virtual-town-hall,Remarks and a Question-and-Answer Session at a Fox News Virtual Town Hall,2020-05-03,"
    Washington, DC  "
/documents/remarks-exchange-with-reporters-prior-departure-for-phoenix-arizona,"Remarks in an Exchange With Reporters Prior to Departure for Phoenix, Arizona",2020-05-05,"
    Washington, DC  "
/documents/remarks-exchange-with-reporters-joint-base-andrews-maryland-6,"Remarks in an Exchange With Reporters at Joint Base Andrews, Maryland",2020-05-05,"
    Maryland  "
/documents/remarks-roundtable-discussion-with-native-american-leaders-and-exchange-with-reporters,"Remarks in a Roundtable Discussion With Native American Leaders and an Exchange With Reporters in Phoenix, Arizona",2020-05-05,"
    Arizona  "
/documents/remarks-honeywell-international-incorporated-protective-mask-manufacturing-facility,"Remarks at a Honeywell International Incorporated Protective Mask Manufacturing Facility in Phoenix, Arizona",2020-05-05,"
    Arizona  "
/documents/remarks-signing-proclamation-national-nurses-day-2020-and-exchange-with-reporters,"Remarks on Signing a Proclamation on National Nurses Day, 2020, and an Exchange With Reporters",2020-05-06,"
    Washington, DC  "
/documents/remarks-meeting-with-governor-kimberly-k-reynolds-iowa-and-exchange-with-reporters,Remarks in a Meeting With Governor Kimberly K. Reynolds of Iowa and an Exchange With Reporters,2020-05-06,"
    Washington, DC  "
/documents/remarks-meeting-with-governor-gregory-w-abbott-texas-and-exchange-with-reporters,Remarks in a Meeting With Governor Gregory W. Abbott of Texas and an Exchange With Reporters,2020-05-07,"
    Washington, DC  "
/documents/remarks-national-day-prayer-service-0,Remarks at a National Day of Prayer Service,2020-05-07,"
    Washington, DC  "
/documents/remarks-meeting-with-republican-members-congress-and-exchange-with-reporters-0,Remarks in a Meeting With Republican Members of Congress and an Exchange With Reporters,2020-05-08,"
    Washington, DC  "
/documents/remarks-reporters-during-meeting-with-senior-military-leadership-and-members-the-national,Remarks to Reporters During a Meeting With Senior Military Leadership and Members of the National Security Team,2020-05-09,"
    Washington, DC  "
/documents/remarks-meeting-with-governor-jared-s-polis-colorado-and-governor-douglas-j-burgum-north,Remarks in a Meeting With Governor Jared S. Polis of Colorado and Governor Douglas J. Burgum of North Dakota and an Exchange...,2020-05-13,"
    Washington, DC  "
/documents/remarks-and-exchange-with-reporters-prior-departure-for-allentown-pennsylvania,"Remarks and an Exchange With Reporters Prior to Departure for Allentown, Pennsylvania",2020-05-14,"
    Washington, DC  "
/documents/remarks-the-owens-and-minor-incorporated-distribution-center-allentown-pennsylvania,"Remarks at the Owens and Minor, Incorporated, Distribution Center in Allentown, Pennsylvania",2020-05-14,"
    Pennsylvania  "
/documents/remarks-coronavirus-vaccine-development-and-exchange-with-reporters,Remarks on Coronavirus Vaccine Development and an Exchange With Reporters,2020-05-15,"
    Washington, DC  "
/documents/remarks-the-presentation-the-united-states-space-force-flag-and-exchange-with-reporters,Remarks on the Presentation of the United States Space Force Flag and an Exchange With Reporters,2020-05-15,"
    Washington, DC  "
/documents/remarks-honoring-the-hard-work-heroism-and-hope-demonstrated-american-citizens-during-0,"Remarks Honoring the Hard Work, Heroism, and Hope Demonstrated by American Citizens During the Coronavirus Pandemic",2020-05-15,"
    Washington, DC  "
/documents/remarks-exchange-with-reporters-prior-departure-for-camp-david-maryland-2,"Remarks in an Exchange With Reporters Prior to Departure for Camp David, Maryland",2020-05-15,"
    Washington, DC  "
/documents/remarks-exchange-with-reporters-upon-returning-from-camp-david-maryland,"Remarks in an Exchange With Reporters Upon Returning From Camp David, Maryland",2020-05-17,"
    Washington, DC  "
/documents/remarks-meeting-opportunity-zones,Remarks in a Meeting on Opportunity Zones,2020-05-18,"
    Washington, DC  "
/documents/remarks-roundtable-discussion-with-restaurant-industry-executives-and-exchange-with,Remarks in a Roundtable Discussion With Restaurant Industry Executives and an Exchange With Reporters,2020-05-18,"
    Washington, DC  "
/documents/remarks-federal-support-for-farmers-ranchers-and-the-food-supply-chain-and-exchange-with,"Remarks on Federal Support for Farmers, Ranchers, and the Food Supply Chain and an Exchange With Reporters",2020-05-19,"
    Washington, DC  "
/documents/remarks-and-exchange-with-reporters-following-senate-republican-policy-lunch,Remarks and an Exchange With Reporters Following a Senate Republican Policy Lunch,2020-05-19,"
    Washington, DC  "
/documents/remarks-cabinet-meeting-and-exchange-with-reporters-11,Remarks in a Cabinet Meeting and an Exchange With Reporters,2020-05-19,"
    Washington, DC  "
/documents/remarks-meeting-with-governor-w-asa-hutchinson-ii-arkansas-and-governor-laura-kelly-kansas,Remarks in a Meeting With Governor W. Asa Hutchinson II of Arkansas and Governor Laura Kelly of Kansas and an Exchange With...,2020-05-20,"
    Washington, DC  "
/documents/remarks-and-exchange-with-reporters-prior-departure-for-ypsilanti-michigan,"Remarks and an Exchange With Reporters Prior to Departure for Ypsilanti, Michigan",2020-05-21,"
    Washington, DC  "
/documents/remarks-listening-session-with-african-american-leaders-and-exchange-with-reporters,"Remarks in a Listening Session With African American Leaders and an Exchange With Reporters in Ypsilanti, Michigan",2020-05-21,"
    Michigan  "
/documents/remarks-exchange-with-reporters-during-tour-the-ford-motor-company-rawsonville-components,"Remarks in an Exchange With Reporters During a Tour of the Ford Motor Company Rawsonville Components Plant in Ypsilanti,...",2020-05-21,"
    Michigan  "
/documents/remarks-the-ford-motor-company-rawsonville-components-plant-ypsilanti-michigan,"Remarks at the Ford Motor Company Rawsonville Components Plant in Ypsilanti, Michigan",2020-05-21,"
    Michigan  "
/documents/remarks-amvets-american-veterans-ceremony-honoring-veterans-prisoners-war-and,"Remarks at an AMVETS (American Veterans) Ceremony Honoring Veterans, Prisoners of War, and Servicemembers Missing in Action",2020-05-22,"
    Washington, DC  "
/documents/remarks-memorial-day-ceremony-the-fort-mchenry-national-monument-and-historic-shrine,"Remarks at a Memorial Day Ceremony at the Fort McHenry National Monument and Historic Shrine in Baltimore, Maryland",2020-05-25,"
    Maryland  "
/documents/remarks-efforts-reduce-insulin-costs-for-medicare-beneficiaries-and-exchange-with,Remarks on Efforts To Reduce Insulin Costs for Medicare Beneficiaries and an Exchange With Reporters,2020-05-26,"
    Washington, DC  "
/documents/remarks-during-commercial-crew-spacex-demonstration-mission-2-launch-briefing-the-john-f,Remarks During a Commercial Crew SpaceX Demonstration Mission 2 Launch Briefing at the John F. Kennedy Space Center on...,2020-05-27,"
    Florida  "
/documents/remarks-during-hurricane-preparedness-briefing-and-exchange-with-reporters,Remarks During a Hurricane Preparedness Briefing and an Exchange With Reporters,2020-05-28,"
    Washington, DC  "
/documents/remarks-announcing-executive-order-preventing-online-censorship-and-exchange-with,Remarks Announcing an Executive Order on Preventing Online Censorship and an Exchange With Reporters,2020-05-28,"
    Washington, DC  "
/documents/remarks-united-states-actions-against-china,Remarks on United States Actions Against China,2020-05-29,"
    Washington, DC  "
/documents/remarks-roundtable-discussion-with-business-executives-the-resumption-economic-and,Remarks in a Roundtable Discussion With Business Executives on the Resumption of Economic and Commercial Activity During the...,2020-05-29,"
    Washington, DC  "
/documents/remarks-and-exchange-with-reporters-prior-departure-for-merritt-island-florida,"Remarks and an Exchange With Reporters Prior to Departure for Merritt Island, Florida",2020-05-30,"
    Washington, DC  "
/documents/remarks-reporters-joint-base-andrews-maryland-0,"Remarks to Reporters at Joint Base Andrews, Maryland",2020-05-30,"
    Maryland  "
/documents/remarks-exchange-with-reporters-following-the-commercial-crew-spacex-demonstration-mission,Remarks in an Exchange With Reporters Following the Commercial Crew SpaceX Demonstration Mission 2 Launch at the John F....,2020-05-30,"
    Florida  "
/documents/remarks-the-john-f-kennedy-space-center-merritt-island-florida-0,"Remarks at the John F. Kennedy Space Center on Merritt Island, Florida",2020-05-30,"
    Florida  "
/documents/remarks-the-nationwide-demonstrations-and-civil-unrest-following-the-death-george-floyd,"Remarks on the Nationwide Demonstrations and Civil Unrest Following the Death of George Floyd in Minneapolis, Minnesota",2020-06-01,"
    Washington, DC  "
/documents/remarks-the-bureau-labor-statistics-report-the-employment-situation-may-and-exchange-with,Remarks on the Bureau of Labor Statistics Report on the Employment Situation in May and an Exchange With Reporters,2020-06-05,"
    Washington, DC  "
/documents/remarks-roundtable-discussion-with-commercial-fishing-industry-leaders-bangor-maine,"Remarks in a Roundtable Discussion With Commercial Fishing Industry Leaders in Bangor, Maine",2020-06-05,"
    Maine  "
/documents/remarks-puritan-medical-products-company-headquarters-guilford-maine,"Remarks at Puritan Medical Products Company Headquarters in Guilford, Maine",2020-06-05,"
    Maine  "
/documents/remarks-roundtable-discussion-with-federal-state-and-local-law-enforcement-officials,"Remarks in a Roundtable Discussion With Federal, State, and Local Law Enforcement Officials",2020-06-08,"
    Washington, DC  "
/documents/remarks-roundtable-discussion-with-african-american-leaders-and-exchange-with-reporters,Remarks in a Roundtable Discussion With African American Leaders and an Exchange With Reporters,2020-06-10,"
    Washington, DC  "
/documents/remarks-roundtable-discussion-with-faith-leaders-law-enforcement-officials-and-small,"Remarks in a Roundtable Discussion With Faith Leaders, Law Enforcement Officials, and Small-Business Owners in Dallas, Texas",2020-06-11,"
    Texas  "
/documents/remarks-roundtable-discussion-efforts-protect-the-health-and-safety-senior-citizens-and,Remarks in a Roundtable Discussion on Efforts To Protect the Health and Safety of Senior Citizens and an Exchange With...,2020-06-15,"
    Washington, DC  "
/documents/remarks-signing-executive-order-safe-policing-for-safe-communities,Remarks on Signing an Executive Order on Safe Policing for Safe Communities,2020-06-16,"
    Washington, DC  "
/documents/remarks-announcing-the-presidents-roadmap-empower-veterans-and-end-national-tragedy,Remarks Announcing the President's Roadmap To Empower Veterans and End a National Tragedy of Suicide (PREVENTS),2020-06-17,"
    Washington, DC  "
/documents/remarks-roundtable-discussion-efforts-reopen-americas-small-businesses,Remarks in a Roundtable Discussion on Efforts to Reopen America's Small Businesses,2020-06-18,"
    Washington, DC  "
/documents/remarks-make-america-great-again-rally-tulsa-oklahoma,"Remarks at a ""Make America Great Again"" Rally in Tulsa, Oklahoma",2020-06-20,"
    Oklahoma  "
/documents/remarks-and-exchange-with-reporters-prior-departure-for-tulsa-oklahoma,"Remarks and an Exchange With Reporters Prior to Departure for Tulsa, Oklahoma",2020-06-20,"
    Washington, DC  "
/documents/remarks-and-exchange-with-reporters-prior-departure-for-yuma-arizona,"Remarks and an Exchange With Reporters Prior to Departure for Yuma, Arizona",2020-06-23,"
    Washington, DC  "
/documents/remarks-roundtable-discussion-border-security-yuma-arizona,"Remarks in a Roundtable Discussion on Border Security in Yuma, Arizona",2020-06-23,"
    Arizona  "
/documents/remarks-exchange-with-reporters-following-the-commemoration-the-200th-mile-new-border-wall,Remarks in an Exchange With Reporters Following the Commemoration of the 200th Mile of New Border Wall Construction in San...,2020-06-23,"
    Arizona  "
/documents/remarks-turning-point-action-students-for-trump-rally-phoenix-arizona,"Remarks at a Turning Point Action Students for Trump Rally in Phoenix, Arizona",2020-06-23,"
    Arizona  "
/documents/remarks-prior-meeting-with-president-andrzej-duda-poland-and-exchange-with-reporters-1,Remarks Prior to a Meeting With President Andrzej Duda of Poland and an Exchange With Reporters,2020-06-24,"
    Washington, DC  "
/documents/remarks-and-question-and-answer-session-fox-news-town-hall-green-bay-wisconsin,"Remarks and a Question-and-Answer Session at a Fox News Town Hall in Green Bay, Wisconsin",2020-06-25,"
    Wisconsin  "
/documents/remarks-the-fincantieri-marinette-marine-manufacturing-facility-marinette-wisconsin,"Remarks at the Fincantieri Marinette Marine Manufacturing Facility in Marinette, Wisconsin",2020-06-25,"
    Wisconsin  "
/documents/remarks-meeting-the-american-workforce-policy-advisory-board,Remarks at a Meeting of the American Workforce Policy Advisory Board,2020-06-26,"
    Washington, DC  "
/documents/remarks-the-bureau-labor-statistics-report-the-employment-situation-june,Remarks on the Bureau of Labor Statistics Report on the Employment Situation in June,2020-07-02,"
    Washington, DC  "
/documents/remarks-white-house-showcase-honoring-small-businesses,Remarks at a White House Showcase Honoring Small Businesses,2020-07-02,"
    Washington, DC  "
/documents/remarks-independence-day-celebration-the-mount-rushmore-national-memorial-keystone-south,"Remarks at an Independence Day Celebration at the Mount Rushmore National Memorial in Keystone, South Dakota",2020-07-03,"
    South Dakota  "
/documents/remarks-independence-day-celebration-10,Remarks at an Independence Day Celebration,2020-07-04,"
    Washington, DC  "
/documents/remarks-safely-reopening-americas-schools,Remarks on Safely Reopening America's Schools,2020-07-07,"
    Washington, DC  "
/documents/remarks-signing-joint-declaration-with-president-andres-manuel-lopez-obrador-mexico,Remarks on Signing a Joint Declaration With President Andrés Manuel López Obrador of Mexico,2020-07-08,"
    Washington, DC  "
/documents/remarks-members-the-press-with-president-andres-manuel-lopez-obrador-mexico,Remarks to Members of the Press With President Andrés Manuel López Obrador of Mexico,2020-07-08,"
    Washington, DC  "
/documents/remarks-roundtable-discussion-with-hispanic-leaders-and-exchange-with-reporters,Remarks in a Roundtable Discussion With Hispanic Leaders and an Exchange With Reporters,2020-07-09,"
    Washington, DC  "
/documents/remarks-signing-executive-order-the-white-house-hispanic-prosperity-initiative,Remarks on Signing an Executive Order on the White House Hispanic Prosperity Initiative,2020-07-09,"
    Washington, DC  "
/documents/remarks-and-exchange-with-reporters-prior-departure-for-doral-florida,"Remarks and an Exchange With Reporters Prior to Departure for Doral, Florida",2020-07-10,"
    Washington, DC  "
/documents/remarks-during-briefing-southcom-enhanced-counternarcotics-operations-doral-florida,"Remarks During a Briefing on SOUTHCOM Enhanced Counternarcotics Operations in Doral, Florida",2020-07-10,"
    Florida  "
/documents/remarks-southcom-enhanced-counternarcotics-operations-doral-florida,"Remarks on SOUTHCOM Enhanced Counternarcotics Operations in Doral, Florida",2020-07-10,"
    Florida  "
/documents/remarks-and-exchange-with-reporters-prior-departure-for-walter-reed-national-military,"Remarks and an Exchange With Reporters Prior to Departure for Walter Reed National Military Medical Center in Bethesda,...",2020-07-11,"
    Washington, DC  "
/documents/remarks-roundtable-discussion-the-positive-impact-law-enforcement-and-exchange-with,Remarks in a Roundtable Discussion on the Positive Impact of Law Enforcement and an Exchange With Reporters,2020-07-13,"
    Washington, DC  "
/documents/remarks-briefing-efforts-combat-the-ms-13-gang-and-exchange-with-reporters,Remarks in a Briefing on Efforts To Combat the MS-13 Gang and an Exchange With Reporters,2020-07-15,"
    Washington, DC  "
/documents/remarks-exchange-with-reporters-prior-departure-for-hapeville-georgia,"Remarks in an Exchange With Reporters Prior to Departure for Hapeville, Georgia",2020-07-15,"
    Washington, DC  "
/documents/remarks-infrastructure-development-the-united-parcel-service-america-airport-hub-hapeville,"Remarks on Infrastructure Development at the United Parcel Service of America Airport Hub in Hapeville, Georgia",2020-07-15,"
    Georgia  "
/documents/remarks-meeting-with-republican-congressional-leaders-discuss-economic-stimulus,Remarks in a Meeting With Republican Congressional Leaders To Discuss Economic Stimulus Legislation and an Exchange With...,2020-07-20,"
    Washington, DC  "
/documents/remarks-federal-efforts-combat-violent-crime-united-states-cities,Remarks on Federal Efforts To Combat Violent Crime in United States Cities,2020-07-22,"
    Washington, DC  "
/documents/remarks-presenting-the-presidential-medal-freedom-former-representative-james-r-ryun,Remarks on Presenting the Presidential Medal of Freedom to Former Representative James R. Ryun,2020-07-24,"
    Washington, DC  "
/documents/remarks-signing-executive-orders-lowering-prescription-drug-costs,Remarks on Signing Executive Orders on Lowering Prescription Drug Costs,2020-07-24,"
    Washington, DC  "
/documents/remarks-and-exchange-with-reporters-prior-departure-for-morrisville-north-carolina,"Remarks and an Exchange With Reporters Prior to Departure for Morrisville, North Carolina",2020-07-27,"
    Washington, DC  "
/documents/remarks-and-exchange-with-reporters-prior-departure-for-midland-texas,"Remarks and an Exchange With Reporters Prior to Departure for Midland, Texas",2020-07-29,"
    Washington, DC  "
/documents/remarks-energy-production-midland-texas,"Remarks on Energy Production in Midland, Texas",2020-07-29,"
    Texas  "
/documents/remarks-meeting-with-the-family-slain-united-states-army-specialist-vanessa-guillen-and,Remarks in a Meeting With the Family of Slain United States Army Specialist Vanessa Guillén and an Exchange With Reporters,2020-07-30,"
    Washington, DC  "
/documents/remarks-roundtable-discussion-plasma-donation-for-coronavirus-treatment-and-exchange-with,Remarks in a Roundtable Discussion on Plasma Donation for Coronavirus Treatment and an Exchange With Reporters,2020-07-30,"
    Washington, DC  "
/documents/remarks-meeting-with-the-national-association-police-organizations-leadership-and-exchange,Remarks in a Meeting With the National Association of Police Organizations Leadership and an Exchange With Reporters,2020-07-31,"
    Washington, DC  "
/documents/remarks-exchange-with-reporters-prior-departure-for-tampa-florida,"Remarks in an Exchange With Reporters Prior to Departure for Tampa, Florida",2020-07-31,"
    Washington, DC  "
/documents/remarks-roundtable-discussion-covid-19-response-and-storm-preparedness-belleaire-florida,"Remarks in a Roundtable Discussion on COVID-19 Response and Storm Preparedness in Belleaire, Florida",2020-07-31,"
    Florida  "
/documents/remarks-the-tennessee-valley-authority-and-federal-contracting-and-hiring-practices-and,Remarks on the Tennessee Valley Authority and Federal Contracting and Hiring Practices and an Exchange With Reporters,2020-08-03,"
    Washington, DC  "
/documents/remarks-signing-the-great-american-outdoors-act,Remarks on Signing the Great American Outdoors Act,2020-08-04,"
    Washington, DC  "
/documents/remarks-the-ceremonial-swearing-chief-staff-the-united-states-air-force-general-charles-q,"Remarks at the Ceremonial Swearing-In of Chief of Staff of the United States Air Force General Charles Q. Brown, Jr.",2020-08-04,"
    Washington, DC  "
/documents/remarks-meeting-with-governor-douglas-ducey-arizona-and-exchange-with-reporters,Remarks in a Meeting With Governor Douglas A. Ducey of Arizona and an Exchange With Reporters,2020-08-05,"
    Washington, DC  "
/documents/remarks-and-exchange-with-reporters-prior-departure-for-cleveland-ohio,"Remarks and an Exchange With Reporters Prior to Departure for Cleveland, Ohio",2020-08-06,"
    Washington, DC  "
/documents/remarks-exchange-with-reporters-joint-base-andrews-maryland-7,"Remarks in an Exchange With Reporters at Joint Base Andrews, Maryland",2020-08-06,"
    Maryland  "
/documents/remarks-the-whirlpool-corporation-manufacturing-plant-clyde-ohio,"Remarks at the Whirlpool Corporation Manufacturing Plant in Clyde, Ohio",2020-08-06,"
    Ohio  "
/documents/remarks-and-exchange-with-reporters-morristown-new-jersey-3,"Remarks and an Exchange With Reporters in Morristown, New Jersey",2020-08-10,"
    New Jersey  "
/documents/remarks-meeting-with-parents-students-and-educators-efforts-reopen-schools-and-exchange,"Remarks in a Meeting With Parents, Students, and Educators on Efforts To Reopen Schools and an Exchange With Reporters",2020-08-12,"
    Washington, DC  "
/documents/remarks-the-full-normalization-relations-between-israel-and-the-united-arab-emirates-and,Remarks on the Full Normalization of Relations Between Israel and the United Arab Emirates and an Exchange With Reporters,2020-08-13,"
    Washington, DC  "
/documents/remarks-the-city-new-york-police-benevolent-association-cops-for-trump-bedminster-new,"Remarks to the City of New York Police Benevolent Association (""COPS for Trump"") in Bedminster, New Jersey",2020-08-14,"
    New Jersey  "
/documents/remarks-exchange-with-reporters-upon-arrival-morristown-new-jersey,"Remarks in an Exchange With Reporters Upon Arrival in Morristown, New Jersey",2020-08-14,"
    New Jersey  "
/documents/remarks-exchange-with-reporters-prior-departure-for-minneapolis-minnesota,"Remarks in an Exchange With Reporters Prior to Departure for Minneapolis, Minnesota",2020-08-17,"
    Washington, DC  "
/documents/remarks-supporters-minneapolis-minnesota,"Remarks to Supporters in Minneapolis, Minnesota",2020-08-17,"
    Minnesota  "
/documents/remarks-make-america-great-again-rally-mankato-minnesota,"Remarks at a ""Make America Great Again"" Rally in Mankato, Minnesota",2020-08-17,"
    Minnesota  "
/documents/remarks-signing-proclamation-the-100th-anniversary-the-ratification-the-19th-amendment-and,Remarks on Signing a Proclamation on the 100th Anniversary of the Ratification of the 19th Amendment and an Exchange With...,2020-08-18,"
    Washington, DC  "
/documents/remarks-briefing-storm-damage-and-recovery-efforts-cedar-rapids-iowa,"Remarks in a Briefing on Storm Damage and Recovery Efforts in Cedar Rapids, Iowa",2020-08-18,"
    Iowa  "
/documents/remarks-briefing-border-wall-construction-yuma-arizona,"Remarks in a Briefing on Border Wall Construction in Yuma, Arizona",2020-08-18,"
    Arizona  "
/documents/remarks-make-america-great-again-rally-yuma-arizona,"Remarks at a ""Make America Great Again"" Rally in Yuma, Arizona",2020-08-18,"
    Arizona  "
/documents/remarks-prior-meeting-with-prime-minister-mustafa-al-kadhimi-iraq-and-exchange-with,Remarks Prior to a Meeting With Prime Minister Mustafa al-Kadhimi of Iraq and an Exchange With Reporters,2020-08-20,"
    Washington, DC  "
/documents/remarks-make-america-great-again-rally-old-forge-pennsylvania,"Remarks at a ""Make America Great Again"" Rally in Old Forge, Pennsylvania",2020-08-20,"
    Pennsylvania  "
/documents/remarks-meeting-the-council-for-national-policy-arlington-virginia,"Remarks at a Meeting of the Council for National Policy in Arlington, Virginia",2020-08-21,"
    Virginia  "
/documents/remarks-the-republican-national-committee-charlotte-north-carolina,"Remarks to the Republican National Committee in Charlotte, North Carolina",2020-08-24,"
    North Carolina  "
/documents/remarks-the-farmers-families-food-box-program-mills-river-north-carolina,"Remarks on the Farmers to Families Food Box Program in Mills River, North Carolina",2020-08-24,"
    South Carolina  "
/documents/address-accepting-the-republican-presidential-nomination-4,Address Accepting the Republican Presidential Nomination,2020-08-27,"
    Washington, DC  "
/documents/remarks-briefing-hurricane-laura-and-exchange-with-reporters,Remarks in a Briefing on Hurricane Laura and an Exchange With Reporters,2020-08-27,"
    Washington, DC  "
/documents/remarks-granting-full-pardon-alice-marie-johnson,Remarks on Granting a Full Pardon to Alice Marie Johnson,2020-08-28,"
    Washington, DC  "
/documents/remarks-hurricane-laura-emergency-operations-briefing-and-exchange-with-reporters-lake,"Remarks at a Hurricane Laura Emergency Operations Briefing and an Exchange With Reporters in Lake Charles, Louisiana",2020-08-29,"
    Louisiana  "
/documents/remarks-hurricane-laura-emergency-operations-briefing-and-exchange-with-reporters-orange,"Remarks in a Hurricane Laura Emergency Operations Briefing and an Exchange With Reporters in Orange, Texas",2020-08-29,"
    Texas  "
/documents/remarks-and-exchange-with-reporters-joint-base-andrews-maryland-3,"Remarks and an Exchange With Reporters at Joint Base Andrews, Maryland",2020-09-01,"
    Maryland  "
/documents/remarks-during-survey-property-damage-kenosha-wisconsin,"Remarks During a Survey of Property Damage in Kenosha, Wisconsin",2020-09-01,"
    Wisconsin  "
/documents/remarks-during-emergency-operations-center-tour-kenosha-wisconsin,"Remarks During an Emergency Operations Center Tour in Kenosha, Wisconsin",2020-09-01,"
    Wisconsin  "
/documents/remarks-roundtable-discussion-community-safety-and-exchange-with-reporters-kenosha,"Remarks in a Roundtable Discussion on Community Safety and an Exchange With Reporters in Kenosha, Wisconsin",2020-09-01,"
    Wisconsin  "
/documents/remarks-designating-the-first-american-world-war-ii-heritage-city-wilmington-north,"Remarks on Designating the First American World War II Heritage City in Wilmington, North Carolina",2020-09-02,"
    North Carolina  "
/documents/remarks-make-america-great-again-rally-latrobe-pennsylvania,"Remarks at a ""Make America Great Again"" Rally in Latrobe, Pennsylvania",2020-09-03,"
    Pennsylvania  "
/documents/remarks-joint-base-andrews-maryland-0,"Remarks at Joint Base Andrews, Maryland",2020-09-03,"
    Maryland  "
/documents/remarks-meeting-with-president-aleksandar-vucic-serbia-and-prime-minister-avdullah-hoti,Remarks in a Meeting With President Aleksandar Vucic of Serbia and Prime Minister Avdullah Hoti of Kosovo and an Exchange...,2020-09-04,"
    Washington, DC  "
/documents/remarks-make-america-great-again-rally-winston-salem-north-carolina,"Remarks at a ""Make America Great Again"" Rally in Winston-Salem, North Carolina",2020-09-08,"
    North Carolina  "
/documents/remarks-and-exchange-with-reporters-joint-base-andrews-maryland-4,"Remarks and an Exchange With Reporters at Joint Base Andrews, Maryland",2020-09-08,"
    Maryland  "
/documents/remarks-signing-memorandum-withdrawal-certain-areas-the-united-states-outer-continental,Remarks on Signing a Memorandum on Withdrawal of Certain Areas of the United States Outer Continental Shelf From Leasing...,2020-09-08,"
    Florida  "
/documents/remarks-candidates-for-judicial-appointment-and-exchange-with-reporters,Remarks on Candidates for Judicial Appointment and an Exchange With Reporters,2020-09-09,"
    Washington, DC  "
/documents/remarks-make-america-great-again-rally-freeland-michigan,"Remarks at a ""Make America Great Again"" Rally in Freeland, Michigan",2020-09-10,"
    Michigan  "
/documents/remarks-and-exchange-with-reporters-joint-base-andrews-maryland-5,"Remarks and an Exchange With Reporters at Joint Base Andrews, Maryland",2020-09-10,"
    Maryland  "
/documents/remarks-the-flight-93-national-memorial-19th-anniversary-observance-the-september-11-2001,"Remarks at the Flight 93 National Memorial 19th Anniversary Observance of the September 11, 2001, Attacks in Shanksville,...",2020-09-11,"
    Pennsylvania  "
/documents/remarks-the-normalization-relations-between-israel-and-the-kingdom-bahrain,Remarks on the Normalization of Relations Between Israel and the Kingdom of Bahrain,2020-09-11,"
    Washington, DC  "
/documents/remarks-presenting-the-medal-honor-sergeant-major-t-patrick-payne,Remarks on Presenting the Medal of Honor to Sergeant Major T. Patrick Payne,2020-09-11,"
    Washington, DC  "
/documents/remarks-make-america-great-again-rally-minden-nevada,"Remarks at a ""Make America Great Again"" Rally in Minden, Nevada",2020-09-12,"
    Nevada  "
/documents/remarks-upon-arrival-reno-nevada,"Remarks Upon Arrival in Reno, Nevada",2020-09-12,"
    Nevada  "
/documents/remarks-make-america-great-again-rally-henderson-nevada,"Remarks at a ""Make America Great Again"" Rally in Henderson, Nevada",2020-09-13,"
    Nevada  "
/documents/remarks-latinos-for-trump-roundtable-las-vegas-nevada,"Remarks at a ""Latinos for Trump"" Roundtable in Las Vegas, Nevada",2020-09-13,"
    Nevada  "
/documents/remarks-latinos-for-trump-roundtable-phoenix-arizona,"Remarks to a ""Latinos for Trump"" Roundtable in Phoenix, Arizona",2020-09-14,"
    Arizona  "
/documents/remarks-and-exchange-with-reporters-upon-arrival-mcclellan-park-california,"Remarks and an Exchange With Reporters Upon Arrival in McClellan Park, California",2020-09-14,"
    California  "
/documents/remarks-briefing-wildfires-mcclellan-park-california,"Remarks in a Briefing on Wildfires in McClellan Park, California",2020-09-14,"
    California  "
/documents/remarks-presenting-the-distinguished-flying-cross-members-the-california-army-national,"Remarks on Presenting the Distinguished Flying Cross to Members of the California Army National Guard in McClellan Park,...",2020-09-14,"
    California  "
/documents/remarks-with-governor-douglas-ducey-arizona-and-exchange-with-reporters-upon-arrival,"Remarks With Governor Douglas A. Ducey of Arizona and an Exchange With Reporters Upon Arrival in Phoenix, Arizona",2020-09-14,"
    Arizona  "
/documents/remarks-town-hall-meeting-with-george-stephanopoulos-abc-news-the-national-constitution-0,"Remarks in a Town Hall Meeting with George Stephanopoulos of ABC News at the National Constitution Center in Philadelphia,...",2020-09-15,"
    Pennsylvania  "
/documents/remarks-prior-meeting-with-minister-foreign-affairs-and-international-cooperation-abdallah,Remarks Prior to a Meeting With Minister of Foreign Affairs and International Cooperation Abdallah bin Zayid Al Nuhayyan of...,2020-09-15,"
    Washington, DC  "
/documents/remarks-prior-meeting-with-prime-minister-benjamin-netanyahu-israel-and-exchange-with-5,Remarks Prior to a Meeting With Prime Minister Benjamin Netanyahu of Israel and an Exchange With Reporters,2020-09-15,"
    Washington, DC  "
/documents/remarks-with-prime-minister-benjamin-netanyahu-israel-minister-foreign-affairs-and,"Remarks With Prime Minister Benjamin Netanyahu of Israel, Minister of Foreign Affairs and International Cooperation Abdallah...",2020-09-15,"
    Washington, DC  "
/documents/remarks-and-exchange-with-reporters-prior-departure-for-philadelphia-pennsylvania,"Remarks and an Exchange With Reporters Prior to Departure for Philadelphia, Pennsylvania",2020-09-15,"
    Washington, DC  "
/documents/remarks-make-america-great-again-rally-mosinee-wisconsin-0,"Remarks at a ""Make America Great Again"" Rally in Mosinee, Wisconsin",2020-09-17,"
    Wisconsin  "
/documents/remarks-the-repatriation-native-american-artifacts-and-remains,Remarks on the Repatriation of Native American Artifacts and Remains,2020-09-17,"
    Washington, DC  "
/documents/remarks-white-house-conference-american-history,Remarks at a White House Conference on American History,2020-09-17,"
    Washington, DC  "
/documents/remarks-and-exchange-with-reporters-prior-departure-for-mosinee-wisconsin,"Remarks and an Exchange With Reporters Prior to Departure for Mosinee, Wisconsin",2020-09-17,"
    Washington, DC  "
/documents/remarks-exchange-with-reporters-prior-departure-for-bemidji-minnesota,"Remarks in an Exchange With Reporters Prior to Departure for Bemidji, Minnesota",2020-09-18,"
    Washington, DC  "
/documents/remarks-great-american-comeback-rally-bemidji-minnesota,"Remarks at a ""Great American Comeback"" Rally in Bemidji, Minnesota",2020-09-18,"
    Minnesota  "
/documents/remarks-exchange-with-reporters-bemidji-minnesota,"Remarks in an Exchange With Reporters in Bemidji, Minnesota",2020-09-18,"
    Minnesota  "
/documents/remarks-great-american-comeback-rally-fayetteville-north-carolina,"Remarks at a ""Great American Comeback"" Rally in Fayetteville, North Carolina",2020-09-19,"
    North Carolina  "
/documents/remarks-and-exchange-with-reporters-prior-departure-for-fayetteville-north-carolina,"Remarks and an Exchange With Reporters Prior to Departure for Fayetteville, North Carolina",2020-09-19,"
    Washington, DC  "
/documents/remarks-virtual-tele-rally-potomac-falls-virginia,"Remarks at a Virtual Tele-Rally in Potomac Falls, Virginia",2020-09-20,"
    Virginia  "
/documents/remarks-fighting-for-the-american-worker-rally-vandalia-ohio,"Remarks at a ""Fighting for the American Worker"" Rally in Vandalia, Ohio",2020-09-21,"
    Ohio  "
/documents/remarks-great-american-comeback-rally-swanton-ohio,"Remarks at a ""Great American Comeback"" Rally in Swanton, Ohio",2020-09-21,"
    Ohio  "
/documents/remarks-and-exchange-with-reporters-prior-departure-for-dayton-ohio,"Remarks and an Exchange With Reporters Prior to Departure for Dayton, Ohio",2020-09-21,"
    Washington, DC  "
/documents/remarks-make-america-great-again-rally-pittsburgh-pennsylvania,"Remarks at a ""Make America Great Again"" Rally in Pittsburgh, Pennsylvania",2020-09-22,"
    Pennsylvania  "
/documents/videotaped-remarks-the-united-nations-general-assembly,Videotaped Remarks to the United Nations General Assembly,2020-09-22,"
    Washington, DC  "
/documents/remarks-exchange-with-reporters-prior-departure-for-moon-township-pennsylvania,"Remarks in an Exchange With Reporters Prior to Departure for Moon Township, Pennsylvania",2020-09-22,"
    Washington, DC  "
/documents/remarks-honoring-veterans-the-bay-pigs-invasion,Remarks Honoring Veterans of the Bay of Pigs Invasion,2020-09-23,"
    Washington, DC  "
/documents/remarks-roundtable-discussion-with-state-attorneys-general-protecting-consumers-from,Remarks in Roundtable Discussion With State Attorneys General on Protecting Consumers From Social Media Abuses and an...,2020-09-23,"
    Washington, DC  "
/documents/remarks-great-american-comeback-rally-jacksonville-florida,"Remarks at a ""Great American Comeback"" Rally in Jacksonville, Florida",2020-09-24,"
    Florida  "
/documents/remarks-and-exchange-with-reporters-prior-departure-for-charlotte-north-carolina-4,"Remarks and an Exchange With Reporters Prior to Departure for Charlotte, North Carolina",2020-09-24,"
    Washington, DC  "
/documents/remarks-signing-executive-order-the-america-first-health-care-plan-charlotte-north,"Remarks on Signing an Executive Order on the America First Health Care Plan in Charlotte, North Carolina",2020-09-24,"
    North Carolina  "
/documents/remarks-black-voices-for-trump-rally-atlanta-georgia,"Remarks at a ""Black Voices for Trump"" Rally in Atlanta, Georgia",2020-09-25,"
    Georgia  "
/documents/remarks-exchange-with-reporters-joint-base-andrews-maryland-8,"Remarks in an Exchange With Reporters at Joint Base Andrews, Maryland",2020-09-25,"
    Maryland  "
/documents/remarks-the-nomination-amy-coney-barrett-be-united-states-supreme-court-associate-justice,Remarks on the Nomination of Amy Coney Barrett to be a United States Supreme Court Associate Justice,2020-09-26,"
    Washington, DC  "
/documents/remarks-and-exchange-with-reporters-prior-departure-for-middletown-pennsylvania,"Remarks and an Exchange With Reporters Prior to Departure for Middletown, Pennsylvania",2020-09-26,"
    Washington, DC  "
/documents/remarks-congratulating-lordstown-motors-corporation-launching-the-2021-endurance-vehicle,Remarks on Congratulating Lordstown Motors Corporation on Launching the 2021 Endurance Vehicle and an Exchange With Reporters,2020-09-28,"
    Washington, DC  "
/documents/remarks-during-update-the-nations-coronavirus-testing-strategy,Remarks During an Update on the Nation's Coronavirus Testing Strategy,2020-09-28,"
    Washington, DC  "
/documents/remarks-and-exchange-with-reporters-prior-departure-for-shorewood-minnesota,"Remarks and an Exchange With Reporters Prior to Departure for Shorewood, Minnesota",2020-09-30,"
    Washington, DC  "
/documents/videotaped-remarks-the-alfred-e-smith-memorial-foundation-dinner-new-york-city,Videotaped Remarks to the Alfred E. Smith Memorial Foundation Dinner in New York City,2020-10-01,"
    Washington, DC  "
/documents/remarks-white-house-peaceful-protest-for-law-and-order-event,"Remarks at a White House ""Peaceful Protest for Law and Order"" Event",2020-10-10,"
    Washington, DC  "
/documents/remarks-and-exchange-with-reporters-prior-departure-for-greenville-north-carolina,"Remarks and an Exchange With Reporters Prior to Departure for Greenville, North Carolina",2020-10-15,"
    Washington, DC  "
/documents/remarks-town-hall-meeting-with-savannah-guthrie-nbc-news-the-perez-art-museum-miami,"Remarks in a Town Hall Meeting with Savannah Guthrie of NBC News at the Perez Art Museum in Miami, Florida",2020-10-15,"
    Florida  "
/documents/remarks-fort-myers-florida-0,"Remarks in Fort Myers, Florida",2020-10-16,"
    Florida  "
/documents/remarks-make-america-great-again-rally-janesville-wisconsin,"Remarks at a ""Make America Great Again"" Rally in Janesville, Wisconsin",2020-10-17,"
    Wisconsin  "
/documents/remarks-and-exchange-with-reporters-upon-arrival-prescott-arizona,"Remarks and an Exchange With Reporters Upon Arrival in Prescott, Arizona",2020-10-19,"
    Arizona  "
/documents/remarks-and-exchange-with-reporters-upon-arrival-phoenix-arizona,"Remarks and an Exchange With Reporters Upon Arrival in Phoenix, Arizona",2020-10-19,"
    Arizona  "
/documents/remarks-exchange-with-reporters-prior-departure-for-charlotte-north-carolina-0,"Remarks in an Exchange With Reporters Prior to Departure for Charlotte, North Carolina",2020-10-21,"
    Washington, DC  "
/documents/remarks-the-normalization-relations-between-sudan-and-israel-and-exchange-with-reporters,Remarks on the Normalization of Relations Between Sudan and Israel and an Exchange With Reporters,2020-10-23,"
    Washington, DC  "
/documents/remarks-and-exchange-with-reporters-upon-arrival-columbus-ohio,"Remarks and an Exchange With Reporters Upon Arrival in Columbus, Ohio",2020-10-24,"
    Ohio  "
/documents/remarks-and-exchange-with-reporters-upon-arrival-allentown-pennsylvania,"Remarks and an Exchange With Reporters Upon Arrival in Allentown, Pennsylvania",2020-10-26,"
    Pennsylvania  "
/documents/remarks-swearing-ceremony-for-amy-coney-barrett-supreme-court-associate-justice,Remarks at a Swearing-In Ceremony for Amy Coney Barrett as a Supreme Court Associate Justice,2020-10-26,"
    Washington, DC  "
/documents/remarks-and-exchange-with-reporters-prior-departure-for-lansing-michigan,"Remarks and an Exchange With Reporters Prior to Departure for Lansing, Michigan",2020-10-27,"
    Washington, DC  "
/documents/remarks-and-exchange-with-reporters-joint-base-andrews-maryland-6,"Remarks and an Exchange With Reporters at Joint Base Andrews, Maryland",2020-10-27,"
    Maryland  "
/documents/remarks-and-exchange-with-reporters-prior-departure-for-waterford-township-michigan,"Remarks and an Exchange With Reporters Prior to Departure for Waterford Township, Michigan",2020-10-30,"
    Washington, DC  "
/documents/remarks-and-exchange-with-reporters-upon-arrival-green-bay-wisconsin,"Remarks and an Exchange With Reporters Upon Arrival in Green Bay, Wisconsin",2020-10-30,"
    Wisconsin  "
/documents/remarks-and-exchange-with-reporters-joint-base-andrews-maryland-7,"Remarks and an Exchange With Reporters at Joint Base Andrews, Maryland",2020-10-31,"
    Maryland  "
/documents/remarks-and-exchange-with-reporters-upon-arrival-charlotte-north-carolina,"Remarks and an Exchange With Reporters Upon Arrival in Charlotte, North Carolina",2020-11-01,"
    North Carolina  "
/documents/remarks-and-exchange-with-reporters-upon-arrival-milwaukee-wisconsin,"Remarks and an Exchange With Reporters Upon Arrival in Milwaukee, Wisconsin",2020-11-02,"
    Wisconsin  "
