filename,id_speech,date
re_File_1000.txt,1000,10/21/1952
re_File_1001.txt,1001,10/21/1952
re_File_1002.txt,1002,10/21/1952
re_File_1003.txt,1003,10/21/1952
re_File_1004.txt,1004,10/22/1952
re_File_1005.txt,1005,10/22/1952
re_File_1006.txt,1006,10/22/1952
re_File_1007.txt,1007,10/22/1952
re_File_1008.txt,1008,10/22/1952
re_File_1009.txt,1009,10/23/1952
re_File_1010.txt,1010,10/23/1952
re_File_1011.txt,1011,10/23/1952
re_File_1012.txt,1012,10/23/1952
re_File_1013.txt,1013,10/23/1952
re_File_1014.txt,1014,10/23/1952
re_File_1015.txt,1015,10/23/1952
re_File_1016.txt,1016,10/23/1952
re_File_1017.txt,1017,10/24/1952
re_File_1018.txt,1018,10/24/1952
re_File_1019.txt,1019,10/24/1952
re_File_1020.txt,1020,10/24/1952
re_File_1021.txt,1021,10/24/1952
re_File_1022.txt,1022,10/24/1952
re_File_1023.txt,1023,10/24/1952
re_File_1024.txt,1024,10/24/1952
re_File_1025.txt,1025,10/24/1952
re_File_1026.txt,1026,10/24/1952
re_File_1027.txt,1027,10/24/1952
re_File_1028.txt,1028,10/24/1952
re_File_1029.txt,1029,10/24/1952
re_File_1030.txt,1030,10/24/1952
re_File_1031.txt,1031,10/25/1952
re_File_1032.txt,1032,10/25/1952
re_File_1033.txt,1033,10/25/1952
re_File_1034.txt,1034,10/25/1952
re_File_1035.txt,1035,10/25/1952
re_File_1036.txt,1036,10/25/1952
re_File_1037.txt,1037,10/25/1952
re_File_1038.txt,1038,10/26/1952
re_File_1039.txt,1039,10/26/1952
re_File_1040.txt,1040,10/27/1952
re_File_1041.txt,1041,10/27/1952
re_File_1042.txt,1042,10/27/1952
re_File_1043.txt,1043,10/27/1952
re_File_1044.txt,1044,10/27/1952
re_File_1045.txt,1045,10/27/1952
re_File_1046.txt,1046,10/27/1952
re_File_1047.txt,1047,10/27/1952
re_File_1048.txt,1048,10/27/1952
re_File_1049.txt,1049,10/27/1952
re_File_1050.txt,1050,10/28/1952
re_File_1051.txt,1051,10/28/1952
re_File_1052.txt,1052,10/28/1952
re_File_1053.txt,1053,10/28/1952
re_File_1054.txt,1054,10/28/1952
re_File_1055.txt,1055,10/28/1952
re_File_1056.txt,1056,10/28/1952
re_File_1057.txt,1057,10/29/1952
re_File_1058.txt,1058,10/29/1952
re_File_1059.txt,1059,10/29/1952
re_File_1060.txt,1060,10/29/1952
re_File_1061.txt,1061,10/29/1952
re_File_1062.txt,1062,10/29/1952
re_File_1063.txt,1063,10/29/1952
re_File_1064.txt,1064,10/29/1952
re_File_1065.txt,1065,10/29/1952
re_File_1066.txt,1066,10/29/1952
re_File_1067.txt,1067,10/30/1952
re_File_1068.txt,1068,10/30/1952
re_File_1069.txt,1069,10/30/1952
re_File_1070.txt,1070,10/30/1952
re_File_1071.txt,1071,10/30/1952
re_File_1072.txt,1072,10/30/1952
re_File_1073.txt,1073,10/30/1952
re_File_1074.txt,1074,10/31/1952
re_File_1075.txt,1075,10/31/1952
re_File_1076.txt,1076,11/1/1952
re_File_1077.txt,1077,11/1/1952
re_File_1078.txt,1078,11/1/1952
re_File_1079.txt,1079,11/1/1952
re_File_1080.txt,1080,11/1/1952
re_File_1081.txt,1081,11/1/1952
re_File_1082.txt,1082,11/1/1952
re_File_1083.txt,1083,11/1/1952
re_File_1084.txt,1084,11/1/1952
re_File_1085.txt,1085,11/3/1952
re_File_1086.txt,1086,11/4/1952
re_File_1087.txt,1087,11/5/1952
re_File_1088.txt,1088,7/11/1952
re_File_1089.txt,1089,9/1/1952
re_File_1090.txt,1090,9/2/1952
re_File_1091.txt,1091,9/2/1952
re_File_1092.txt,1092,9/2/1952
re_File_1093.txt,1093,9/3/1952
re_File_1094.txt,1094,9/3/1952
re_File_1095.txt,1095,9/3/1952
re_File_1096.txt,1096,9/4/1952
re_File_1097.txt,1097,9/4/1952
re_File_1098.txt,1098,9/4/1952
re_File_1099.txt,1099,9/4/1952
re_File_1100.txt,1100,9/4/1952
re_File_1101.txt,1101,9/4/1952
re_File_1102.txt,1102,9/5/1952
re_File_1103.txt,1103,9/5/1952
re_File_1104.txt,1104,9/6/1952
re_File_1105.txt,1105,9/6/1952
re_File_1106.txt,1106,9/9/1952
re_File_1107.txt,1107,9/9/1952
re_File_1108.txt,1108,9/10/1952
re_File_1109.txt,1109,9/13/1952
re_File_1110.txt,1110,9/15/1952
re_File_1111.txt,1111,9/15/1952
re_File_1112.txt,1112,9/15/1952
re_File_1113.txt,1113,9/15/1952
re_File_1114.txt,1114,9/15/1952
re_File_1115.txt,1115,9/15/1952
re_File_1116.txt,1116,9/15/1952
re_File_1117.txt,1117,9/15/1952
re_File_1118.txt,1118,9/15/1952
re_File_1119.txt,1119,9/15/1952
re_File_1120.txt,1120,9/15/1952
re_File_1121.txt,1121,9/15/1952
re_File_1122.txt,1122,9/16/1952
re_File_1123.txt,1123,9/16/1952
re_File_1124.txt,1124,9/16/1952
re_File_1125.txt,1125,9/16/1952
re_File_1126.txt,1126,9/16/1952
re_File_1127.txt,1127,9/17/1952
re_File_1128.txt,1128,9/17/1952
re_File_1129.txt,1129,9/18/1952
re_File_1130.txt,1130,9/18/1952
re_File_1131.txt,1131,9/18/1952
re_File_1132.txt,1132,9/18/1952
re_File_1133.txt,1133,9/18/1952
re_File_1134.txt,1134,9/18/1952
re_File_1135.txt,1135,9/18/1952
re_File_1136.txt,1136,9/18/1952
re_File_1137.txt,1137,9/18/1952
re_File_1138.txt,1138,9/18/1952
re_File_1139.txt,1139,9/18/1952
re_File_1140.txt,1140,9/19/1952
re_File_1141.txt,1141,9/19/1952
re_File_1142.txt,1142,9/19/1952
re_File_1143.txt,1143,9/19/1952
re_File_1144.txt,1144,9/19/1952
re_File_1145.txt,1145,9/19/1952
re_File_1146.txt,1146,9/20/1952
re_File_1147.txt,1147,9/20/1952
re_File_1148.txt,1148,9/20/1952
re_File_1149.txt,1149,9/20/1952
re_File_1150.txt,1150,9/20/1952
re_File_1151.txt,1151,9/20/1952
re_File_1152.txt,1152,9/22/1952
re_File_1153.txt,1153,9/22/1952
re_File_1154.txt,1154,9/22/1952
re_File_1155.txt,1155,9/22/1952
re_File_1156.txt,1156,9/22/1952
re_File_1157.txt,1157,9/23/1952
re_File_1158.txt,1158,9/23/1952
re_File_1159.txt,1159,9/23/1952
re_File_1160.txt,1160,9/23/1952
re_File_1161.txt,1161,9/23/1952
re_File_1162.txt,1162,9/23/1952
re_File_1163.txt,1163,9/23/1952
re_File_1164.txt,1164,9/23/1952
re_File_1165.txt,1165,9/24/1952
re_File_1166.txt,1166,9/24/1952
re_File_1167.txt,1167,9/24/1952
re_File_1168.txt,1168,9/24/1952
re_File_1169.txt,1169,9/24/1952
re_File_1170.txt,1170,9/25/1952
re_File_1171.txt,1171,9/25/1952
re_File_1172.txt,1172,9/25/1952
re_File_1173.txt,1173,9/25/1952
re_File_1174.txt,1174,9/25/1952
re_File_1175.txt,1175,9/25/1952
re_File_1176.txt,1176,9/26/1952
re_File_1177.txt,1177,9/26/1952
re_File_1178.txt,1178,9/30/1952
re_File_1179.txt,1179,10/1/1952
re_File_1180.txt,1180,10/1/1952
re_File_1181.txt,1181,10/1/1952
re_File_1182.txt,1182,10/1/1952
re_File_1183.txt,1183,10/1/1952
re_File_1184.txt,1184,10/1/1952
re_File_1185.txt,1185,10/2/1952
re_File_1186.txt,1186,10/2/1952
re_File_1187.txt,1187,10/2/1952
re_File_1188.txt,1188,10/2/1952
re_File_1189.txt,1189,10/2/1952
re_File_1190.txt,1190,10/3/1952
re_File_1191.txt,1191,10/3/1952
re_File_1192.txt,1192,10/3/1952
re_File_1193.txt,1193,10/3/1952
re_File_1194.txt,1194,10/3/1952
re_File_1195.txt,1195,10/4/1952
re_File_1196.txt,1196,10/4/1952
re_File_1197.txt,1197,10/4/1952
re_File_1198.txt,1198,10/4/1952
re_File_1199.txt,1199,10/4/1952
re_File_1200.txt,1200,10/4/1952
re_File_1201.txt,1201,10/5/1952
re_File_1202.txt,1202,10/5/1952
re_File_1203.txt,1203,10/5/1952
re_File_1204.txt,1204,10/5/1952
re_File_1205.txt,1205,10/5/1952
re_File_1206.txt,1206,10/6/1952
re_File_1207.txt,1207,10/6/1952
re_File_1208.txt,1208,10/6/1952
re_File_1209.txt,1209,10/6/1952
re_File_1210.txt,1210,10/7/1952
re_File_1211.txt,1211,10/7/1952
re_File_1212.txt,1212,10/7/1952
re_File_1213.txt,1213,10/7/1952
re_File_1214.txt,1214,10/7/1952
re_File_1215.txt,1215,10/7/1952
re_File_1216.txt,1216,10/7/1952
re_File_1217.txt,1217,10/7/1952
re_File_1218.txt,1218,10/8/1952
re_File_1219.txt,1219,10/8/1952
re_File_1220.txt,1220,10/8/1952
re_File_1221.txt,1221,10/8/1952
re_File_1222.txt,1222,10/8/1952
re_File_1223.txt,1223,10/8/1952
re_File_1224.txt,1224,10/8/1952
re_File_1225.txt,1225,10/9/1952
re_File_1226.txt,1226,10/9/1952
re_File_1227.txt,1227,10/9/1952
re_File_1228.txt,1228,10/10/1952
re_File_1229.txt,1229,10/10/1952
re_File_1230.txt,1230,10/10/1952
re_File_1231.txt,1231,10/10/1952
re_File_1232.txt,1232,10/13/1952
re_File_1233.txt,1233,10/13/1952
re_File_1234.txt,1234,10/13/1952
re_File_1235.txt,1235,10/13/1952
re_File_1236.txt,1236,10/14/1952
re_File_1237.txt,1237,10/14/1952
re_File_1238.txt,1238,10/14/1952
re_File_1239.txt,1239,10/14/1952
re_File_1240.txt,1240,10/15/1952
re_File_1241.txt,1241,10/15/1952
re_File_1242.txt,1242,10/15/1952
re_File_1243.txt,1243,10/15/1952
re_File_1244.txt,1244,10/15/1952
re_File_1245.txt,1245,10/16/1952
re_File_1246.txt,1246,10/16/1952
re_File_1247.txt,1247,10/16/1952
re_File_1248.txt,1248,10/17/1952
re_File_1249.txt,1249,10/17/1952
re_File_1250.txt,1250,10/17/1952
re_File_1251.txt,1251,10/17/1952
re_File_1252.txt,1252,10/17/1952
re_File_1253.txt,1253,10/17/1952
re_File_1254.txt,1254,10/20/1952
re_File_1255.txt,1255,10/20/1952
re_File_1256.txt,1256,10/20/1952
re_File_1257.txt,1257,10/20/1952
re_File_1258.txt,1258,10/20/1952
re_File_1259.txt,1259,10/20/1952
re_File_1260.txt,1260,10/20/1952
re_File_1261.txt,1261,10/20/1952
re_File_1262.txt,1262,10/20/1952
re_File_1263.txt,1263,10/20/1952
re_File_1264.txt,1264,10/20/1952
re_File_1265.txt,1265,10/20/1952
re_File_1266.txt,1266,10/21/1952
re_File_1267.txt,1267,10/21/1952
re_File_1268.txt,1268,10/21/1952
re_File_1269.txt,1269,10/21/1952
re_File_1270.txt,1270,10/21/1952
re_File_1271.txt,1271,10/21/1952
re_File_1272.txt,1272,10/22/1952
re_File_1273.txt,1273,10/22/1952
re_File_1275.txt,1275,10/22/1952
re_File_1276.txt,1276,10/22/1952
re_File_1277.txt,1277,10/22/1952
re_File_1278.txt,1278,10/23/1952
re_File_1279.txt,1279,10/23/1952
re_File_1280.txt,1280,10/23/1952
re_File_1281.txt,1281,10/23/1952
re_File_1282.txt,1282,10/23/1952
re_File_1283.txt,1283,10/23/1952
re_File_1284.txt,1284,10/23/1952
re_File_1285.txt,1285,10/23/1952
re_File_1286.txt,1286,10/24/1952
re_File_1287.txt,1287,10/24/1952
re_File_1288.txt,1288,10/24/1952
re_File_1289.txt,1289,10/25/1952
re_File_1291.txt,1291,10/27/1952
re_File_1292.txt,1292,10/27/1952
re_File_1293.txt,1293,10/27/1952
re_File_1294.txt,1294,10/27/1952
re_File_1295.txt,1295,10/27/1952
re_File_1296.txt,1296,10/28/1952
re_File_1297.txt,1297,10/28/1952
re_File_1298.txt,1298,10/28/1952
re_File_1299.txt,1299,10/28/1952
re_File_1300.txt,1300,10/28/1952
re_File_1301.txt,1301,10/29/1952
re_File_1302.txt,1302,10/29/1952
re_File_1303.txt,1303,10/29/1952
re_File_1304.txt,1304,10/29/1952
re_File_1305.txt,1305,10/29/1952
re_File_1306.txt,1306,10/30/1952
re_File_1307.txt,1307,10/30/1952
re_File_1308.txt,1308,10/30/1952
re_File_1309.txt,1309,10/30/1952
re_File_1310.txt,1310,10/30/1952
re_File_1311.txt,1311,10/31/1952
re_File_1312.txt,1312,10/31/1952
re_File_1313.txt,1313,10/31/1952
re_File_1314.txt,1314,10/31/1952
re_File_1315.txt,1315,11/3/1952
re_File_1316.txt,1316,11/3/1952
re_File_1317.txt,1317,11/3/1952
re_File_1318.txt,1318,8/18/1956
re_File_1319.txt,1319,9/3/1956
re_File_1320.txt,1320,9/3/1956
re_File_1321.txt,1321,9/3/1956
re_File_1322.txt,1322,9/3/1956
re_File_1323.txt,1323,9/5/1956
re_File_1324.txt,1324,9/6/1956
re_File_1325.txt,1325,9/8/1956
re_File_1326.txt,1326,9/8/1956
re_File_1327.txt,1327,9/9/1956
re_File_1328.txt,1328,9/10/1956
re_File_1329.txt,1329,9/10/1956
re_File_1330.txt,1330,9/11/1956
re_File_1331.txt,1331,9/12/1956
re_File_1332.txt,1332,9/13/1956
re_File_1333.txt,1333,9/13/1956
re_File_1334.txt,1334,9/17/1956
re_File_1335.txt,1335,9/20/1956
re_File_1336.txt,1336,9/22/1956
re_File_1337.txt,1337,9/22/1956
re_File_1338.txt,1338,9/23/1956
re_File_1339.txt,1339,9/24/1956
re_File_1340.txt,1340,9/24/1956
re_File_1341.txt,1341,9/24/1956
re_File_1342.txt,1342,9/25/1956
re_File_1343.txt,1343,9/25/1956
re_File_1344.txt,1344,9/25/1956
re_File_1345.txt,1345,9/26/1956
re_File_1346.txt,1346,9/26/1956
re_File_1347.txt,1347,9/27/1956
re_File_1348.txt,1348,9/28/1956
re_File_1349.txt,1349,9/28/1956
re_File_1350.txt,1350,10/2/1956
re_File_1351.txt,1351,10/2/1956
re_File_1352.txt,1352,10/2/1956
re_File_1353.txt,1353,10/3/1956
re_File_1354.txt,1354,10/3/1956
re_File_1355.txt,1355,10/3/1956
re_File_1356.txt,1356,10/3/1956
re_File_1357.txt,1357,10/4/1956
re_File_1358.txt,1358,10/4/1956
re_File_1359.txt,1359,10/5/1956
re_File_1360.txt,1360,10/6/1956
re_File_1361.txt,1361,10/6/1956
re_File_1362.txt,1362,10/9/1956
re_File_1363.txt,1363,10/9/1956
re_File_1364.txt,1364,10/10/1956
re_File_1365.txt,1365,10/11/1956
re_File_1366.txt,1366,10/12/1956
re_File_1367.txt,1367,10/17/1956
re_File_1368.txt,1368,10/17/1956
re_File_1369.txt,1369,10/18/1956
re_File_1370.txt,1370,10/18/1956
re_File_1371.txt,1371,10/19/1956
re_File_1372.txt,1372,10/19/1956
re_File_1373.txt,1373,10/19/1956
re_File_1374.txt,1374,10/24/1956
re_File_1375.txt,1375,10/24/1956
re_File_1376.txt,1376,10/24/1956
re_File_1377.txt,1377,10/25/1956
re_File_1378.txt,1378,10/26/1956
re_File_1379.txt,1379,10/27/1956
re_File_1380.txt,1380,10/27/1956
re_File_1381.txt,1381,10/29/1956
re_File_1382.txt,1382,10/30/1956
re_File_1383.txt,1383,10/30/1956
re_File_1384.txt,1384,10/31/1956
re_File_1385.txt,1385,11/1/1956
re_File_1386.txt,1386,11/1/1956
re_File_1387.txt,1387,11/2/1956
re_File_1388.txt,1388,11/2/1956
re_File_1389.txt,1389,11/3/1956
re_File_1390.txt,1390,11/5/1956
re_File_1391.txt,1391,11/5/1956
re_File_1392.txt,1392,11/6/1956
re_File_1393.txt,1393,8/23/1956
re_File_1394.txt,1394,9/1/1956
re_File_1395.txt,1395,9/11/1956
re_File_1396.txt,1396,9/12/1956
re_File_1397.txt,1397,9/18/1956
re_File_1398.txt,1398,9/19/1956
re_File_1399.txt,1399,9/21/1956
re_File_1400.txt,1400,9/21/1956
re_File_1401.txt,1401,9/25/1956
re_File_1402.txt,1402,9/25/1956
re_File_1403.txt,1403,9/28/1956
re_File_1404.txt,1404,10/1/1956
re_File_1405.txt,1405,10/1/1956
re_File_1406.txt,1406,10/1/1956
re_File_1407.txt,1407,10/1/1956
re_File_1408.txt,1408,10/3/1956
re_File_1409.txt,1409,10/9/1956
re_File_1410.txt,1410,10/9/1956
re_File_1411.txt,1411,10/11/1956
re_File_1412.txt,1412,10/13/1956
re_File_1413.txt,1413,10/15/1956
re_File_1414.txt,1414,10/15/1956
re_File_1415.txt,1415,10/16/1956
re_File_1416.txt,1416,10/16/1956
re_File_1417.txt,1417,10/16/1956
re_File_1418.txt,1418,10/17/1956
re_File_1419.txt,1419,10/18/1956
re_File_1420.txt,1420,10/18/1956
re_File_1421.txt,1421,10/18/1956
re_File_1422.txt,1422,10/18/1956
re_File_1423.txt,1423,10/19/1956
re_File_1424.txt,1424,10/19/1956
re_File_1425.txt,1425,10/20/1956
re_File_1426.txt,1426,10/23/1956
re_File_1427.txt,1427,10/25/1956
re_File_1428.txt,1428,10/29/1956
re_File_1429.txt,1429,10/29/1956
re_File_1430.txt,1430,10/29/1956
re_File_1431.txt,1431,10/31/1956
re_File_1432.txt,1432,11/1/1956
re_File_1433.txt,1433,11/5/1956
re_File_1434.txt,1434,11/5/1956
re_File_1435.txt,1435,11/5/1956
re_File_1436.txt,1436,7/15/1960
re_File_1437.txt,1437,9/2/1960
re_File_1438.txt,1438,9/2/1960
re_File_1439.txt,1439,9/2/1960
re_File_1440.txt,1440,9/3/1960
re_File_1441.txt,1441,9/3/1960
re_File_1442.txt,1442,9/3/1960
re_File_1443.txt,1443,9/3/1960
re_File_1444.txt,1444,9/5/1960
re_File_1445.txt,1445,9/5/1960
re_File_1446.txt,1446,9/5/1960
re_File_1447.txt,1447,9/5/1960
re_File_1448.txt,1448,9/5/1960
re_File_1449.txt,1449,9/5/1960
re_File_1450.txt,1450,9/6/1960
re_File_1451.txt,1451,9/6/1960
re_File_1452.txt,1452,9/6/1960
re_File_1453.txt,1453,9/7/1960
re_File_1454.txt,1454,9/7/1960
re_File_1455.txt,1455,9/7/1960
re_File_1456.txt,1456,9/7/1960
re_File_1457.txt,1457,9/8/1960
re_File_1458.txt,1458,9/8/1960
re_File_1459.txt,1459,9/8/1960
re_File_1460.txt,1460,9/8/1960
re_File_1461.txt,1461,9/8/1960
re_File_1462.txt,1462,9/8/1960
re_File_1463.txt,1463,9/8/1960
re_File_1464.txt,1464,9/8/1960
re_File_1465.txt,1465,9/8/1960
re_File_1466.txt,1466,9/9/1960
re_File_1467.txt,1467,9/9/1960
re_File_1468.txt,1468,9/9/1960
re_File_1469.txt,1469,9/9/1960
re_File_1470.txt,1470,9/9/1960
re_File_1471.txt,1471,9/9/1960
re_File_1472.txt,1472,9/9/1960
re_File_1473.txt,1473,9/9/1960
re_File_1474.txt,1474,9/9/1960
re_File_1475.txt,1475,9/9/1960
re_File_1476.txt,1476,9/11/1960
re_File_1477.txt,1477,9/12/1960
re_File_1478.txt,1478,9/12/1960
re_File_1479.txt,1479,9/12/1960
re_File_1480.txt,1480,9/12/1960
re_File_1481.txt,1481,9/12/1960
re_File_1482.txt,1482,9/13/1960
re_File_1483.txt,1483,9/13/1960
re_File_1484.txt,1484,9/13/1960
re_File_1485.txt,1485,9/14/1960
re_File_1486.txt,1486,9/14/1960
re_File_1487.txt,1487,9/14/1960
re_File_1488.txt,1488,9/14/1960
re_File_1489.txt,1489,9/14/1960
re_File_1490.txt,1490,9/15/1960
re_File_1491.txt,1491,9/15/1960
re_File_1492.txt,1492,9/15/1960
re_File_1493.txt,1493,9/15/1960
re_File_1494.txt,1494,9/15/1960
re_File_1495.txt,1495,9/15/1960
re_File_1496.txt,1496,9/15/1960
re_File_1497.txt,1497,9/15/1960
re_File_1498.txt,1498,9/16/1960
re_File_1499.txt,1499,9/16/1960
re_File_1500.txt,1500,9/16/1960
re_File_1501.txt,1501,9/16/1960
re_File_1502.txt,1502,9/16/1960
re_File_1503.txt,1503,9/16/1960
re_File_1504.txt,1504,9/17/1960
re_File_1505.txt,1505,9/17/1960
re_File_1506.txt,1506,9/17/1960
re_File_1507.txt,1507,9/17/1960
re_File_1508.txt,1508,9/17/1960
re_File_1509.txt,1509,9/19/1960
re_File_1510.txt,1510,9/19/1960
re_File_1511.txt,1511,9/19/1960
re_File_1512.txt,1512,9/19/1960
re_File_1513.txt,1513,9/20/1960
re_File_1514.txt,1514,9/21/1960
re_File_1515.txt,1515,9/21/1960
re_File_1516.txt,1516,9/21/1960
re_File_1517.txt,1517,9/21/1960
re_File_1518.txt,1518,9/21/1960
re_File_1519.txt,1519,9/21/1960
re_File_1520.txt,1520,9/22/1960
re_File_1521.txt,1521,9/22/1960
re_File_1522.txt,1522,9/22/1960
re_File_1523.txt,1523,9/22/1960
re_File_1524.txt,1524,9/22/1960
re_File_1525.txt,1525,9/22/1960
re_File_1526.txt,1526,9/22/1960
re_File_1527.txt,1527,9/23/1960
re_File_1528.txt,1528,9/23/1960
re_File_1529.txt,1529,9/23/1960
re_File_1530.txt,1530,9/23/1960
re_File_1531.txt,1531,9/23/1960
re_File_1532.txt,1532,9/25/1960
re_File_1533.txt,1533,9/25/1960
re_File_1534.txt,1534,9/26/1960
re_File_1535.txt,1535,9/27/1960
re_File_1536.txt,1536,9/27/1960
re_File_1537.txt,1537,9/27/1960
re_File_1538.txt,1538,9/27/1960
re_File_1539.txt,1539,9/27/1960
re_File_1540.txt,1540,9/27/1960
re_File_1541.txt,1541,9/27/1960
re_File_1542.txt,1542,9/28/1960
re_File_1543.txt,1543,9/28/1960
re_File_1544.txt,1544,9/28/1960
re_File_1545.txt,1545,9/28/1960
re_File_1546.txt,1546,9/28/1960
re_File_1547.txt,1547,9/28/1960
re_File_1548.txt,1548,9/28/1960
re_File_1549.txt,1549,9/28/1960
re_File_1550.txt,1550,9/29/1960
re_File_1551.txt,1551,9/29/1960
re_File_1552.txt,1552,9/29/1960
re_File_1553.txt,1553,9/29/1960
re_File_1554.txt,1554,9/29/1960
re_File_1555.txt,1555,10/1/1960
re_File_1556.txt,1556,10/1/1960
re_File_1557.txt,1557,10/1/1960
re_File_1558.txt,1558,10/1/1960
re_File_1559.txt,1559,10/2/1960
re_File_1560.txt,1560,10/2/1960
re_File_1561.txt,1561,10/2/1960
re_File_1562.txt,1562,10/2/1960
re_File_1563.txt,1563,10/2/1960
re_File_1564.txt,1564,10/2/1960
re_File_1565.txt,1565,10/3/1960
re_File_1566.txt,1566,10/3/1960
re_File_1567.txt,1567,10/3/1960
re_File_1568.txt,1568,10/3/1960
re_File_1569.txt,1569,10/3/1960
re_File_1570.txt,1570,10/3/1960
re_File_1571.txt,1571,10/3/1960
re_File_1572.txt,1572,10/3/1960
re_File_1573.txt,1573,10/3/1960
re_File_1574.txt,1574,10/3/1960
re_File_1575.txt,1575,10/3/1960
re_File_1576.txt,1576,10/3/1960
re_File_1577.txt,1577,10/3/1960
re_File_1578.txt,1578,10/3/1960
re_File_1579.txt,1579,10/4/1960
re_File_1580.txt,1580,10/4/1960
re_File_1581.txt,1581,10/5/1960
re_File_1582.txt,1582,10/5/1960
re_File_1583.txt,1583,10/5/1960
re_File_1584.txt,1584,10/5/1960
re_File_1585.txt,1585,10/5/1960
re_File_1586.txt,1586,10/5/1960
re_File_1587.txt,1587,10/5/1960
re_File_1588.txt,1588,10/6/1960
re_File_1589.txt,1589,10/6/1960
re_File_1590.txt,1590,10/7/1960
re_File_1591.txt,1591,10/8/1960
re_File_1592.txt,1592,10/8/1960
re_File_1593.txt,1593,10/8/1960
re_File_1594.txt,1594,10/9/1960
re_File_1595.txt,1595,10/9/1960
re_File_1596.txt,1596,10/9/1960
re_File_1597.txt,1597,10/9/1960
re_File_1598.txt,1598,10/10/1960
re_File_1599.txt,1599,10/10/1960
re_File_1600.txt,1600,10/10/1960
re_File_1601.txt,1601,10/10/1960
re_File_1602.txt,1602,10/10/1960
re_File_1603.txt,1603,10/12/1960
re_File_1604.txt,1604,10/12/1960
re_File_1605.txt,1605,10/12/1960
re_File_1606.txt,1606,10/12/1960
re_File_1607.txt,1607,10/12/1960
re_File_1608.txt,1608,10/14/1960
re_File_1609.txt,1609,10/14/1960
re_File_1610.txt,1610,10/14/1960
re_File_1611.txt,1611,10/14/1960
re_File_1612.txt,1612,10/14/1960
re_File_1613.txt,1613,10/15/1960
re_File_1614.txt,1614,10/15/1960
re_File_1615.txt,1615,10/15/1960
re_File_1616.txt,1616,10/15/1960
re_File_1617.txt,1617,10/15/1960
re_File_1618.txt,1618,10/15/1960
re_File_1619.txt,1619,10/16/1960
re_File_1620.txt,1620,10/16/1960
re_File_1621.txt,1621,10/16/1960
re_File_1622.txt,1622,10/16/1960
re_File_1623.txt,1623,10/17/1960
re_File_1624.txt,1624,10/17/1960
re_File_1625.txt,1625,10/17/1960
re_File_1626.txt,1626,10/17/1960
re_File_1627.txt,1627,10/17/1960
re_File_1628.txt,1628,10/17/1960
re_File_1629.txt,1629,10/17/1960
re_File_1630.txt,1630,10/18/1960
re_File_1631.txt,1631,10/18/1960
re_File_1632.txt,1632,10/18/1960
re_File_1633.txt,1633,10/18/1960
re_File_1634.txt,1634,10/18/1960
re_File_1635.txt,1635,10/19/1960
re_File_1636.txt,1636,10/19/1960
re_File_1637.txt,1637,10/19/1960
re_File_1638.txt,1638,10/20/1960
re_File_1639.txt,1639,10/20/1960
re_File_1640.txt,1640,10/20/1960
re_File_1641.txt,1641,10/20/1960
re_File_1642.txt,1642,10/21/1960
re_File_1643.txt,1643,10/22/1960
re_File_1644.txt,1644,10/22/1960
re_File_1645.txt,1645,10/22/1960
re_File_1646.txt,1646,10/22/1960
re_File_1647.txt,1647,10/22/1960
re_File_1648.txt,1648,10/22/1960
re_File_1649.txt,1649,10/22/1960
re_File_1650.txt,1650,10/22/1960
re_File_1651.txt,1651,10/23/1960
re_File_1652.txt,1652,10/23/1960
re_File_1653.txt,1653,10/23/1960
re_File_1654.txt,1654,10/23/1960
re_File_1655.txt,1655,10/24/1960
re_File_1656.txt,1656,10/24/1960
re_File_1657.txt,1657,10/24/1960
re_File_1658.txt,1658,10/24/1960
re_File_1659.txt,1659,10/24/1960
re_File_1660.txt,1660,10/25/1960
re_File_1661.txt,1661,10/25/1960
re_File_1662.txt,1662,10/25/1960
re_File_1663.txt,1663,10/25/1960
re_File_1664.txt,1664,10/25/1960
re_File_1665.txt,1665,10/25/1960
re_File_1666.txt,1666,10/25/1960
re_File_1667.txt,1667,10/25/1960
re_File_1668.txt,1668,10/25/1960
re_File_1669.txt,1669,10/26/1960
re_File_1670.txt,1670,10/26/1960
re_File_1671.txt,1671,10/26/1960
re_File_1672.txt,1672,10/26/1960
re_File_1673.txt,1673,10/26/1960
re_File_1674.txt,1674,10/27/1960
re_File_1675.txt,1675,10/27/1960
re_File_1676.txt,1676,10/27/1960
re_File_1677.txt,1677,10/27/1960
re_File_1678.txt,1678,10/27/1960
re_File_1679.txt,1679,10/27/1960
re_File_1680.txt,1680,10/27/1960
re_File_1681.txt,1681,10/27/1960
re_File_1682.txt,1682,10/28/1960
re_File_1683.txt,1683,10/28/1960
re_File_1684.txt,1684,10/28/1960
re_File_1685.txt,1685,10/28/1960
re_File_1686.txt,1686,10/28/1960
re_File_1687.txt,1687,10/28/1960
re_File_1688.txt,1688,10/29/1960
re_File_1689.txt,1689,10/29/1960
re_File_1690.txt,1690,10/29/1960
re_File_1691.txt,1691,10/29/1960
re_File_1692.txt,1692,10/29/1960
re_File_1693.txt,1693,10/29/1960
re_File_1695.txt,1695,10/29/1960
re_File_1696.txt,1696,10/30/1960
re_File_1697.txt,1697,10/31/1960
re_File_1698.txt,1698,10/31/1960
re_File_1699.txt,1699,10/31/1960
re_File_1700.txt,1700,10/31/1960
re_File_1701.txt,1701,10/31/1960
re_File_1702.txt,1702,10/31/1960
re_File_1704.txt,1704,11/1/1960
re_File_1705.txt,1705,11/1/1960
re_File_1706.txt,1706,11/1/1960
re_File_1707.txt,1707,11/1/1960
re_File_1708.txt,1708,11/1/1960
re_File_1709.txt,1709,11/2/1960
re_File_1710.txt,1710,11/2/1960
re_File_1711.txt,1711,11/2/1960
re_File_1712.txt,1712,11/2/1960
re_File_1713.txt,1713,11/2/1960
re_File_1714.txt,1714,11/3/1960
re_File_1715.txt,1715,11/3/1960
re_File_1716.txt,1716,11/3/1960
re_File_1717.txt,1717,11/3/1960
re_File_1718.txt,1718,11/3/1960
re_File_1719.txt,1719,11/3/1960
re_File_1720.txt,1720,11/3/1960
re_File_1721.txt,1721,11/4/1960
re_File_1722.txt,1722,11/4/1960
re_File_1723.txt,1723,11/4/1960
re_File_1724.txt,1724,11/5/1960
re_File_1725.txt,1725,11/5/1960
re_File_1726.txt,1726,11/5/1960
re_File_1727.txt,1727,11/5/1960
re_File_1728.txt,1728,11/5/1960
re_File_1729.txt,1729,11/5/1960
re_File_1730.txt,1730,11/5/1960
re_File_1731.txt,1731,11/5/1960
re_File_1732.txt,1732,11/5/1960
re_File_1733.txt,1733,11/5/1960
re_File_1734.txt,1734,11/6/1960
re_File_1735.txt,1735,11/6/1960
re_File_1736.txt,1736,11/6/1960
re_File_1737.txt,1737,11/6/1960
re_File_1738.txt,1738,11/6/1960
re_File_1739.txt,1739,11/6/1960
re_File_1740.txt,1740,11/6/1960
re_File_1741.txt,1741,11/7/1960
re_File_1742.txt,1742,11/7/1960
re_File_1743.txt,1743,11/7/1960
re_File_1744.txt,1744,11/7/1960
re_File_1745.txt,1745,11/7/1960
re_File_1746.txt,1746,11/7/1960
re_File_1747.txt,1747,11/7/1960
re_File_1748.txt,1748,7/28/1960
re_File_1749.txt,1749,9/12/1960
re_File_1750.txt,1750,9/13/1960
re_File_1751.txt,1751,9/13/1960
re_File_1752.txt,1752,9/14/1960
re_File_1754.txt,1754,9/15/1960
re_File_1755.txt,1755,9/16/1960
re_File_1756.txt,1756,9/16/1960
re_File_1757.txt,1757,9/16/1960
re_File_1758.txt,1758,9/16/1960
re_File_1759.txt,1759,9/16/1960
re_File_1760.txt,1760,9/16/1960
re_File_1761.txt,1761,9/17/1960
re_File_1762.txt,1762,9/19/1960
re_File_1763.txt,1763,9/20/1960
re_File_1764.txt,1764,9/21/1960
re_File_1765.txt,1765,9/21/1960
re_File_1766.txt,1766,9/22/1960
re_File_1767.txt,1767,9/22/1960
re_File_1768.txt,1768,9/23/1960
re_File_1769.txt,1769,9/23/1960
re_File_1770.txt,1770,9/23/1960
re_File_1771.txt,1771,9/24/1960
re_File_1772.txt,1772,9/24/1960
re_File_1773.txt,1773,9/26/1960
re_File_1774.txt,1774,9/27/1960
re_File_1775.txt,1775,9/27/1960
re_File_1776.txt,1776,9/27/1960
re_File_1777.txt,1777,9/28/1960
re_File_1778.txt,1778,9/28/1960
re_File_1779.txt,1779,9/28/1960
re_File_1780.txt,1780,9/29/1960
re_File_1781.txt,1781,9/29/1960
re_File_1782.txt,1782,10/1/1960
re_File_1783.txt,1783,10/1/1960
re_File_1784.txt,1784,10/3/1960
re_File_1785.txt,1785,10/3/1960
re_File_1786.txt,1786,10/4/1960
re_File_1787.txt,1787,10/4/1960
re_File_1788.txt,1788,10/4/1960
re_File_1789.txt,1789,10/5/1960
re_File_1790.txt,1790,10/5/1960
re_File_1791.txt,1791,10/5/1960
re_File_1792.txt,1792,10/5/1960
re_File_1793.txt,1793,10/6/1960
re_File_1794.txt,1794,10/10/1960
re_File_1795.txt,1795,10/11/1960
re_File_1796.txt,1796,10/12/1960
re_File_1797.txt,1797,10/14/1960
re_File_1798.txt,1798,10/14/1960
re_File_1799.txt,1799,10/15/1960
re_File_1800.txt,1800,10/17/1960
re_File_1801.txt,1801,10/17/1960
re_File_1802.txt,1802,10/17/1960
re_File_1803.txt,1803,10/17/1960
re_File_1804.txt,1804,10/17/1960
re_File_1805.txt,1805,10/18/1960
re_File_1806.txt,1806,10/18/1960
re_File_1807.txt,1807,10/18/1960
re_File_1808.txt,1808,10/19/1960
re_File_1809.txt,1809,10/20/1960
re_File_1810.txt,1810,10/22/1960
re_File_1811.txt,1811,10/22/1960
re_File_1812.txt,1812,10/24/1960
re_File_1813.txt,1813,10/24/1960
re_File_1814.txt,1814,10/24/1960
re_File_1815.txt,1815,10/24/1960
re_File_1816.txt,1816,10/24/1960
re_File_1817.txt,1817,10/24/1960
re_File_1818.txt,1818,10/25/1960
re_File_1819.txt,1819,10/25/1960
re_File_1820.txt,1820,10/25/1960
re_File_1821.txt,1821,10/25/1960
re_File_1822.txt,1822,10/25/1960
re_File_1823.txt,1823,10/26/1960
re_File_1824.txt,1824,10/26/1960
re_File_1825.txt,1825,10/26/1960
re_File_1826.txt,1826,10/26/1960
re_File_1827.txt,1827,10/26/1960
re_File_1828.txt,1828,10/26/1960
re_File_1829.txt,1829,10/26/1960
re_File_1830.txt,1830,10/26/1960
re_File_1831.txt,1831,10/26/1960
re_File_1832.txt,1832,10/27/1960
re_File_1833.txt,1833,10/27/1960
re_File_1834.txt,1834,10/27/1960
re_File_1835.txt,1835,10/27/1960
re_File_1836.txt,1836,10/27/1960
re_File_1837.txt,1837,10/27/1960
re_File_1838.txt,1838,10/27/1960
re_File_1839.txt,1839,10/28/1960
re_File_1840.txt,1840,10/28/1960
re_File_1841.txt,1841,10/28/1960
re_File_1842.txt,1842,10/28/1960
re_File_1843.txt,1843,10/28/1960
re_File_1844.txt,1844,10/28/1960
re_File_1845.txt,1845,10/28/1960
re_File_1846.txt,1846,10/28/1960
re_File_1847.txt,1847,10/29/1960
re_File_1848.txt,1848,10/29/1960
re_File_1849.txt,1849,10/29/1960
re_File_1850.txt,1850,10/29/1960
re_File_1851.txt,1851,10/29/1960
re_File_1852.txt,1852,10/29/1960
re_File_1853.txt,1853,10/29/1960
re_File_1854.txt,1854,10/29/1960
re_File_1855.txt,1855,10/31/1960
re_File_1856.txt,1856,11/1/1960
re_File_1857.txt,1857,11/1/1960
re_File_1858.txt,1858,11/1/1960
re_File_1859.txt,1859,11/1/1960
re_File_1860.txt,1860,11/1/1960
re_File_1861.txt,1861,11/2/1960
re_File_1862.txt,1862,11/2/1960
re_File_1863.txt,1863,11/2/1960
re_File_1864.txt,1864,11/2/1960
re_File_1865.txt,1865,11/2/1960
re_File_1866.txt,1866,11/2/1960
re_File_1867.txt,1867,11/3/1960
re_File_1868.txt,1868,11/3/1960
re_File_1870.txt,1870,11/3/1960
re_File_1871.txt,1871,11/4/1960
re_File_1872.txt,1872,11/4/1960
re_File_1873.txt,1873,11/4/1960
re_File_1874.txt,1874,11/4/1960
re_File_1875.txt,1875,11/4/1960
re_File_1876.txt,1876,11/5/1960
re_File_1877.txt,1877,11/5/1960
re_File_1878.txt,1878,11/5/1960
re_File_1879.txt,1879,11/6/1960
re_File_1880.txt,1880,11/6/1960
re_File_1881.txt,1881,11/7/1960
re_File_1882.txt,1882,11/7/1960
re_File_1883.txt,1883,11/7/1960
re_File_1884.txt,1884,8/27/1964
re_File_1885.txt,1885,9/1/1964
re_File_1886.txt,1886,9/2/1964
re_File_1887.txt,1887,9/3/1964
re_File_1888.txt,1888,9/3/1964
re_File_1889.txt,1889,9/4/1964
re_File_1890.txt,1890,9/7/1964
re_File_1891.txt,1891,9/10/1964
re_File_1892.txt,1892,9/14/1964
re_File_1893.txt,1893,9/15/1964
re_File_1894.txt,1894,9/15/1964
re_File_1895.txt,1895,9/16/1964
re_File_1896.txt,1896,9/17/1964
re_File_1897.txt,1897,9/17/1964
re_File_1898.txt,1898,9/20/1964
re_File_1899.txt,1899,9/21/1964
re_File_1900.txt,1900,9/22/1964
re_File_1901.txt,1901,9/23/1964
re_File_1902.txt,1902,9/25/1964
re_File_1903.txt,1903,9/25/1964
re_File_1904.txt,1904,9/25/1964
re_File_1905.txt,1905,9/25/1964
re_File_1906.txt,1906,9/28/1964
re_File_1907.txt,1907,9/28/1964
re_File_1908.txt,1908,9/28/1964
re_File_1909.txt,1909,9/28/1964
re_File_1910.txt,1910,9/28/1964
re_File_1911.txt,1911,9/28/1964
re_File_1912.txt,1912,9/30/1964
re_File_1913.txt,1913,10/1/1964
re_File_1914.txt,1914,10/2/1964
re_File_1915.txt,1915,10/3/1964
re_File_1916.txt,1916,10/6/1964
re_File_1917.txt,1917,10/6/1964
re_File_1918.txt,1918,10/6/1964
re_File_1919.txt,1919,10/6/1964
re_File_1920.txt,1920,10/7/1964
re_File_1922.txt,1922,10/7/1964
re_File_1923.txt,1923,10/7/1964
re_File_1924.txt,1924,10/7/1964
re_File_1925.txt,1925,10/8/1964
re_File_1926.txt,1926,10/8/1964
re_File_1927.txt,1927,10/8/1964
re_File_1928.txt,1928,10/9/1964
re_File_1929.txt,1929,10/9/1964
re_File_1930.txt,1930,10/9/1964
re_File_1931.txt,1931,10/9/1964
re_File_1932.txt,1932,10/9/1964
re_File_1933.txt,1933,10/11/1964
re_File_1934.txt,1934,10/11/1964
re_File_1935.txt,1935,10/11/1964
re_File_1936.txt,1936,10/11/1964
re_File_1937.txt,1937,10/12/1964
re_File_1938.txt,1938,10/12/1964
re_File_1939.txt,1939,10/12/1964
re_File_1940.txt,1940,10/12/1964
re_File_1941.txt,1941,10/12/1964
re_File_1942.txt,1942,10/14/1964
re_File_1943.txt,1943,10/14/1964
re_File_1944.txt,1944,10/14/1964
re_File_1945.txt,1945,10/15/1964
re_File_1946.txt,1946,10/15/1964
re_File_1947.txt,1947,10/15/1964
re_File_1948.txt,1948,10/15/1964
re_File_1949.txt,1949,10/15/1964
re_File_1950.txt,1950,10/16/1964
re_File_1951.txt,1951,10/16/1964
re_File_1952.txt,1952,10/16/1964
re_File_1953.txt,1953,10/18/1964
re_File_1954.txt,1954,10/20/1964
re_File_1955.txt,1955,10/21/1964
re_File_1956.txt,1956,10/21/1964
re_File_1957.txt,1957,10/21/1964
re_File_1958.txt,1958,10/24/1964
re_File_1959.txt,1959,10/24/1964
re_File_1960.txt,1960,10/24/1964
re_File_1961.txt,1961,10/24/1964
re_File_1962.txt,1962,10/25/1964
re_File_1963.txt,1963,10/25/1964
re_File_1964.txt,1964,10/26/1964
re_File_1965.txt,1965,10/26/1964
re_File_1966.txt,1966,10/26/1964
re_File_1967.txt,1967,10/26/1964
re_File_1968.txt,1968,10/26/1964
re_File_1969.txt,1969,10/27/1964
re_File_1971.txt,1971,10/27/1964
re_File_1972.txt,1972,10/27/1964
re_File_1973.txt,1973,10/27/1964
re_File_1974.txt,1974,10/28/1964
re_File_1975.txt,1975,10/28/1964
re_File_1976.txt,1976,10/28/1964
re_File_1977.txt,1977,10/28/1964
re_File_1978.txt,1978,10/28/1964
re_File_1979.txt,1979,10/29/1964
re_File_1980.txt,1980,10/29/1964
re_File_1981.txt,1981,10/29/1964
re_File_1982.txt,1982,10/29/1964
re_File_1983.txt,1983,10/30/1964
re_File_1984.txt,1984,10/30/1964
re_File_1985.txt,1985,10/30/1964
re_File_1986.txt,1986,10/30/1964
re_File_1987.txt,1987,10/31/1964
re_File_1988.txt,1988,10/31/1964
re_File_1989.txt,1989,10/31/1964
re_File_1990.txt,1990,11/2/1964
re_File_1991.txt,1991,11/2/1964
re_File_1992.txt,1992,11/2/1964
re_File_1993.txt,1993,11/2/1964
re_File_1994.txt,1994,11/2/1964
re_File_1995.txt,1995,8/29/1968
re_File_1996.txt,1996,9/5/1968
re_File_1997.txt,1997,9/8/1968
re_File_1998.txt,1998,9/9/1968
re_File_1999.txt,1999,9/9/1968
re_File_2000.txt,2000,9/9/1968
re_File_2001.txt,2001,9/9/1968
re_File_2002.txt,2002,9/9/1968
re_File_2003.txt,2003,9/10/1968
re_File_2004.txt,2004,9/10/1968
re_File_2005.txt,2005,9/10/1968
re_File_2006.txt,2006,9/10/1968
re_File_2007.txt,2007,9/11/1968
re_File_2008.txt,2008,9/11/1968
re_File_2009.txt,2009,9/11/1968
re_File_2010.txt,2010,9/12/1968
re_File_2011.txt,2011,9/13/1968
re_File_2012.txt,2012,9/13/1968
re_File_2013.txt,2013,9/14/1968
re_File_2015.txt,2015,9/17/1968
re_File_2016.txt,2016,9/17/1968
re_File_2017.txt,2017,9/17/1968
re_File_2018.txt,2018,9/19/1968
re_File_2019.txt,2019,9/19/1968
re_File_2020.txt,2020,9/19/1968
re_File_2021.txt,2021,9/19/1968
re_File_2022.txt,2022,9/20/1968
re_File_2023.txt,2023,9/20/1968
re_File_2024.txt,2024,9/21/1968
re_File_2025.txt,2025,9/21/1968
re_File_2026.txt,2026,9/22/1968
re_File_2027.txt,2027,9/22/1968
re_File_2028.txt,2028,9/22/1968
re_File_2029.txt,2029,9/22/1968
re_File_2030.txt,2030,9/23/1968
re_File_2031.txt,2031,9/23/1968
re_File_2033.txt,2033,9/25/1968
re_File_2034.txt,2034,9/25/1968
re_File_2035.txt,2035,9/26/1968
re_File_2036.txt,2036,9/27/1968
re_File_2037.txt,2037,9/27/1968
re_File_2038.txt,2038,9/27/1968
re_File_2039.txt,2039,9/28/1968
re_File_2040.txt,2040,9/28/1968
re_File_2041.txt,2041,9/28/1968
re_File_2042.txt,2042,9/30/1968
re_File_2043.txt,2043,9/30/1968
re_File_2044.txt,2044,10/1/1968
re_File_2045.txt,2045,10/1/1968
re_File_2046.txt,2046,10/2/1968
re_File_2047.txt,2047,10/2/1968
re_File_2048.txt,2048,10/3/1968
re_File_2049.txt,2049,10/7/1968
re_File_2050.txt,2050,10/7/1968
re_File_2051.txt,2051,10/8/1968
re_File_2052.txt,2052,10/8/1968
re_File_2053.txt,2053,10/9/1968
re_File_2054.txt,2054,10/9/1968
re_File_2055.txt,2055,10/10/1968
re_File_2056.txt,2056,10/10/1968
re_File_2057.txt,2057,10/10/1968
re_File_2058.txt,2058,10/11/1968
re_File_2059.txt,2059,10/11/1968
re_File_2060.txt,2060,10/12/1968
re_File_2061.txt,2061,10/14/1968
re_File_2062.txt,2062,10/15/1968
re_File_2063.txt,2063,10/15/1968
re_File_2065.txt,2065,10/15/1968
re_File_2067.txt,2067,10/15/1968
re_File_2068.txt,2068,10/16/1968
re_File_2069.txt,2069,10/16/1968
re_File_2070.txt,2070,10/16/1968
re_File_2071.txt,2071,10/16/1968
re_File_2072.txt,2072,10/16/1968
re_File_2074.txt,2074,10/17/1968
re_File_2075.txt,2075,10/17/1968
re_File_2076.txt,2076,10/17/1968
re_File_2077.txt,2077,10/17/1968
re_File_2078.txt,2078,10/18/1968
re_File_2079.txt,2079,10/18/1968
re_File_2080.txt,2080,10/18/1968
re_File_2081.txt,2081,10/18/1968
re_File_2082.txt,2082,10/18/1968
re_File_2083.txt,2083,10/19/1968
re_File_2084.txt,2084,10/19/1968
re_File_2085.txt,2085,10/20/1968
re_File_2086.txt,2086,10/20/1968
re_File_2087.txt,2087,10/21/1968
re_File_2088.txt,2088,10/21/1968
re_File_2089.txt,2089,10/21/1968
re_File_2090.txt,2090,10/21/1968
re_File_2091.txt,2091,10/21/1968
re_File_2092.txt,2092,10/21/1968
re_File_2094.txt,2094,10/22/1968
re_File_2095.txt,2095,10/22/1968
re_File_2096.txt,2096,10/22/1968
re_File_2097.txt,2097,10/22/1968
re_File_2098.txt,2098,10/23/1968
re_File_2099.txt,2099,10/23/1968
re_File_2100.txt,2100,10/23/1968
re_File_2101.txt,2101,10/23/1968
re_File_2102.txt,2102,10/23/1968
re_File_2103.txt,2103,10/23/1968
re_File_2104.txt,2104,10/23/1968
re_File_2105.txt,2105,10/23/1968
re_File_2106.txt,2106,10/24/1968
re_File_2107.txt,2107,10/24/1968
re_File_2108.txt,2108,10/24/1968
re_File_2109.txt,2109,10/24/1968
re_File_2110.txt,2110,10/24/1968
re_File_2111.txt,2111,10/24/1968
re_File_2112.txt,2112,10/25/1968
re_File_2113.txt,2113,10/25/1968
re_File_2114.txt,2114,10/25/1968
re_File_2115.txt,2115,10/28/1968
re_File_2116.txt,2116,10/28/1968
re_File_2117.txt,2117,10/28/1968
re_File_2119.txt,2119,10/28/1968
re_File_2120.txt,2120,10/29/1968
re_File_2121.txt,2121,10/29/1968
re_File_2123.txt,2123,10/29/1968
re_File_2124.txt,2124,10/29/1968
re_File_2125.txt,2125,10/29/1968
re_File_2126.txt,2126,10/30/1968
re_File_2127.txt,2127,10/30/1968
re_File_2128.txt,2128,10/30/1968
re_File_2129.txt,2129,10/30/1968
re_File_2132.txt,2132,10/31/1968
re_File_2133.txt,2133,10/31/1968
re_File_2134.txt,2134,10/31/1968
re_File_2136.txt,2136,11/1/1968
re_File_2137.txt,2137,11/1/1968
re_File_2138.txt,2138,11/1/1968
re_File_2139.txt,2139,11/2/1968
re_File_2140.txt,2140,11/2/1968
re_File_2141.txt,2141,11/2/1968
re_File_2142.txt,2142,11/3/1968
re_File_2143.txt,2143,11/3/1968
re_File_2144.txt,2144,11/4/1968
re_File_2145.txt,2145,11/4/1968
re_File_2146.txt,2146,11/6/1968
re_File_2147.txt,2147,11/6/1968
re_File_2148.txt,2148,8/8/1968
re_File_2149.txt,2149,9/5/1968
re_File_2150.txt,2150,9/6/1968
re_File_2151.txt,2151,9/7/1968
re_File_2152.txt,2152,9/8/1968
re_File_2153.txt,2153,9/10/1968
re_File_2154.txt,2154,9/11/1968
re_File_2155.txt,2155,9/11/1968
re_File_2156.txt,2156,9/12/1968
re_File_2157.txt,2157,9/12/1968
re_File_2158.txt,2158,9/14/1968
re_File_2159.txt,2159,9/14/1968
re_File_2160.txt,2160,9/14/1968
re_File_2162.txt,2162,9/16/1968
re_File_2163.txt,2163,9/18/1968
re_File_2164.txt,2164,9/19/1968
re_File_2165.txt,2165,9/23/1968
re_File_2166.txt,2166,9/24/1968
re_File_2167.txt,2167,9/25/1968
re_File_2168.txt,2168,9/26/1968
re_File_2169.txt,2169,9/29/1968
re_File_2170.txt,2170,10/2/1968
re_File_2171.txt,2171,10/2/1968
re_File_2172.txt,2172,10/2/1968
re_File_2173.txt,2173,10/4/1968
re_File_2174.txt,2174,10/7/1968
re_File_2175.txt,2175,10/7/1968
re_File_2176.txt,2176,10/7/1968
re_File_2177.txt,2177,10/8/1968
re_File_2178.txt,2178,10/11/1968
re_File_2179.txt,2179,10/13/1968
re_File_2180.txt,2180,10/15/1968
re_File_2181.txt,2181,10/15/1968
re_File_2182.txt,2182,10/16/1968
re_File_2183.txt,2183,10/16/1968
re_File_2184.txt,2184,10/17/1968
re_File_2185.txt,2185,10/17/1968
re_File_2186.txt,2186,10/18/1968
re_File_2187.txt,2187,10/18/1968
re_File_2188.txt,2188,10/19/1968
re_File_2189.txt,2189,10/19/1968
re_File_2190.txt,2190,10/20/1968
re_File_2191.txt,2191,10/21/1968
re_File_2192.txt,2192,10/21/1968
re_File_2193.txt,2193,10/22/1968
re_File_2194.txt,2194,10/22/1968
re_File_2195.txt,2195,10/22/1968
re_File_2196.txt,2196,10/23/1968
re_File_2197.txt,2197,10/24/1968
re_File_2198.txt,2198,10/25/1968
re_File_2199.txt,2199,10/26/1968
re_File_2200.txt,2200,10/27/1968
re_File_2201.txt,2201,10/28/1968
re_File_2202.txt,2202,10/28/1968
re_File_2203.txt,2203,10/29/1968
re_File_2204.txt,2204,10/29/1968
re_File_2205.txt,2205,10/30/1968
re_File_2206.txt,2206,7/14/1972
re_File_2207.txt,2207,9/4/1972
re_File_2208.txt,2208,9/4/1972
re_File_2209.txt,2209,9/4/1972
re_File_2210.txt,2210,9/5/1972
re_File_2211.txt,2211,9/5/1972
re_File_2212.txt,2212,9/5/1972
re_File_2213.txt,2213,9/5/1972
re_File_2214.txt,2214,9/6/1972
re_File_2215.txt,2215,9/6/1972
re_File_2217.txt,2217,9/7/1972
re_File_2218.txt,2218,9/7/1972
re_File_2219.txt,2219,9/7/1972
re_File_2220.txt,2220,9/8/1972
re_File_2221.txt,2221,9/8/1972
re_File_2222.txt,2222,9/8/1972
re_File_2223.txt,2223,9/9/1972
re_File_2224.txt,2224,9/9/1972
re_File_2225.txt,2225,9/9/1972
re_File_2226.txt,2226,9/10/1972
re_File_2227.txt,2227,9/10/1972
re_File_2228.txt,2228,9/10/1972
re_File_2229.txt,2229,9/11/1972
re_File_2230.txt,2230,9/11/1972
re_File_2231.txt,2231,9/11/1972
re_File_2232.txt,2232,9/11/1972
re_File_2233.txt,2233,9/12/1972
re_File_2234.txt,2234,9/12/1972
re_File_2235.txt,2235,9/13/1972
re_File_2236.txt,2236,9/13/1972
re_File_2237.txt,2237,9/13/1972
re_File_2238.txt,2238,9/13/1972
re_File_2239.txt,2239,9/14/1972
re_File_2240.txt,2240,9/14/1972
re_File_2241.txt,2241,9/15/1972
re_File_2242.txt,2242,9/17/1972
re_File_2243.txt,2243,9/18/1972
re_File_2244.txt,2244,9/18/1972
re_File_2245.txt,2245,9/18/1972
re_File_2246.txt,2246,9/18/1972
re_File_2247.txt,2247,9/18/1972
re_File_2248.txt,2248,9/19/1972
re_File_2249.txt,2249,9/19/1972
re_File_2250.txt,2250,9/19/1972
re_File_2251.txt,2251,9/19/1972
re_File_2252.txt,2252,9/19/1972
re_File_2253.txt,2253,9/19/1972
re_File_2254.txt,2254,9/20/1972
re_File_2255.txt,2255,9/20/1972
re_File_2256.txt,2256,9/20/1972
re_File_2257.txt,2257,9/20/1972
re_File_2258.txt,2258,9/21/1972
re_File_2259.txt,2259,9/21/1972
re_File_2260.txt,2260,9/22/1972
re_File_2261.txt,2261,9/22/1972
re_File_2262.txt,2262,9/22/1972
re_File_2263.txt,2263,9/22/1972
re_File_2264.txt,2264,9/22/1972
re_File_2265.txt,2265,9/22/1972
re_File_2266.txt,2266,9/23/1972
re_File_2267.txt,2267,9/23/1972
re_File_2268.txt,2268,9/23/1972
re_File_2269.txt,2269,9/23/1972
re_File_2270.txt,2270,9/24/1972
re_File_2271.txt,2271,9/24/1972
re_File_2272.txt,2272,9/25/1972
re_File_2273.txt,2273,9/25/1972
re_File_2274.txt,2274,9/26/1972
re_File_2275.txt,2275,9/30/1972
re_File_2276.txt,2276,10/2/1972
re_File_2277.txt,2277,10/3/1972
re_File_2278.txt,2278,10/3/1972
re_File_2279.txt,2279,10/4/1972
re_File_2280.txt,2280,10/5/1972
re_File_2281.txt,2281,10/6/1972
re_File_2282.txt,2282,10/6/1972
re_File_2283.txt,2283,10/7/1972
re_File_2284.txt,2284,10/10/1972
re_File_2285.txt,2285,10/11/1972
re_File_2286.txt,2286,10/12/1972
re_File_2287.txt,2287,10/12/1972
re_File_2288.txt,2288,10/13/1972
re_File_2289.txt,2289,10/13/1972
re_File_2290.txt,2290,10/16/1972
re_File_2291.txt,2291,10/16/1972
re_File_2292.txt,2292,10/18/1972
re_File_2293.txt,2293,10/19/1972
re_File_2294.txt,2294,10/19/1972
re_File_2295.txt,2295,10/20/1972
re_File_2296.txt,2296,10/21/1972
re_File_2298.txt,2298,10/25/1972
re_File_2299.txt,2299,10/27/1972
re_File_2300.txt,2300,11/3/1972
re_File_2301.txt,2301,11/5/1972
re_File_2302.txt,2302,11/6/1972
re_File_2303.txt,2303,11/7/1972
re_File_2304.txt,2304,8/23/1972
re_File_2305.txt,2305,9/3/1972
re_File_2306.txt,2306,9/5/1972
re_File_2307.txt,2307,9/5/1972
re_File_2308.txt,2308,9/9/1972
re_File_2309.txt,2309,9/9/1972
re_File_2310.txt,2310,9/17/1972
re_File_2311.txt,2311,9/18/1972
re_File_2312.txt,2312,9/21/1972
re_File_2313.txt,2313,9/21/1972
re_File_2314.txt,2314,9/22/1972
re_File_2315.txt,2315,9/22/1972
re_File_2316.txt,2316,9/22/1972
re_File_2317.txt,2317,9/22/1972
re_File_2318.txt,2318,9/23/1972
re_File_2319.txt,2319,9/23/1972
re_File_2320.txt,2320,9/25/1972
re_File_2321.txt,2321,9/26/1972
re_File_2322.txt,2322,9/26/1972
re_File_2324.txt,2324,9/27/1972
re_File_2325.txt,2325,9/27/1972
re_File_2326.txt,2326,9/27/1972
re_File_2327.txt,2327,9/27/1972
re_File_2328.txt,2328,9/28/1972
re_File_2329.txt,2329,9/28/1972
re_File_2330.txt,2330,10/7/1972
re_File_2331.txt,2331,10/8/1972
re_File_2332.txt,2332,10/12/1972
re_File_2333.txt,2333,10/15/1972
re_File_2334.txt,2334,10/16/1972
re_File_2335.txt,2335,10/17/1972
re_File_2336.txt,2336,10/21/1972
re_File_2337.txt,2337,10/22/1972
re_File_2338.txt,2338,10/23/1972
re_File_2339.txt,2339,10/23/1972
re_File_2340.txt,2340,10/23/1972
re_File_2341.txt,2341,10/25/1972
re_File_2342.txt,2342,10/26/1972
re_File_2343.txt,2343,10/26/1972
re_File_2344.txt,2344,10/27/1972
re_File_2345.txt,2345,10/28/1972
re_File_2346.txt,2346,10/28/1972
re_File_2348.txt,2348,10/28/1972
re_File_2349.txt,2349,10/29/1972
re_File_2350.txt,2350,10/30/1972
re_File_2351.txt,2351,11/1/1972
re_File_2352.txt,2352,11/2/1972
re_File_2353.txt,2353,11/3/1972
re_File_2354.txt,2354,11/3/1972
re_File_2355.txt,2355,11/3/1972
re_File_2356.txt,2356,11/3/1972
re_File_2357.txt,2357,11/4/1972
re_File_2358.txt,2358,11/4/1972
re_File_2359.txt,2359,11/4/1972
re_File_2360.txt,2360,11/4/1972
re_File_2361.txt,2361,11/5/1972
re_File_2362.txt,2362,11/6/1972
re_File_2363.txt,2363,7/15/1976
re_File_2364.txt,2364,9/3/1976
re_File_2365.txt,2365,9/6/1976
re_File_2366.txt,2366,9/6/1976
re_File_2367.txt,2367,9/8/1976
re_File_2368.txt,2368,9/9/1976
re_File_2369.txt,2369,9/12/1976
re_File_2370.txt,2370,9/13/1976
re_File_2371.txt,2371,9/15/1976
re_File_2372.txt,2372,9/16/1976
re_File_2373.txt,2373,9/17/1976
re_File_2374.txt,2374,9/18/1976
re_File_2375.txt,2375,9/24/1976
re_File_2376.txt,2376,9/24/1976
re_File_2377.txt,2377,9/25/1976
re_File_2378.txt,2378,9/27/1976
re_File_2380.txt,2380,9/27/1976
re_File_2381.txt,2381,9/30/1976
re_File_2382.txt,2382,10/2/1976
re_File_2383.txt,2383,10/2/1976
re_File_2384.txt,2384,10/3/1976
re_File_2385.txt,2385,10/4/1976
re_File_2386.txt,2386,10/7/1976
re_File_2387.txt,2387,10/7/1976
re_File_2388.txt,2388,10/7/1976
re_File_2389.txt,2389,10/9/1976
re_File_2390.txt,2390,10/10/1976
re_File_2391.txt,2391,10/10/1976
re_File_2392.txt,2392,10/10/1976
re_File_2393.txt,2393,10/14/1976
re_File_2394.txt,2394,10/15/1976
re_File_2395.txt,2395,10/15/1976
re_File_2396.txt,2396,10/16/1976
re_File_2398.txt,2398,10/19/1976
re_File_2399.txt,2399,10/19/1976
re_File_2400.txt,2400,10/19/1976
re_File_2401.txt,2401,10/21/1976
re_File_2402.txt,2402,10/21/1976
re_File_2403.txt,2403,10/23/1976
re_File_2404.txt,2404,10/25/1976
re_File_2405.txt,2405,10/26/1976
re_File_2406.txt,2406,10/27/1976
re_File_2407.txt,2407,10/28/1976
re_File_2408.txt,2408,10/29/1976
re_File_2409.txt,2409,10/29/1976
re_File_2410.txt,2410,10/29/1976
re_File_2411.txt,2411,10/30/1976
re_File_2412.txt,2412,10/31/1976
re_File_2414.txt,2414,11/2/1976
re_File_2415.txt,2415,11/3/1976
re_File_2416.txt,2416,11/3/1976
re_File_2417.txt,2417,11/3/1976
re_File_2418.txt,2418,8/19/1976
re_File_2419.txt,2419,9/1/1976
re_File_2421.txt,2421,9/9/1976
re_File_2422.txt,2422,9/10/1976
re_File_2423.txt,2423,9/11/1976
re_File_2424.txt,2424,9/13/1976
re_File_2425.txt,2425,9/13/1976
re_File_2426.txt,2426,9/15/1976
re_File_2427.txt,2427,9/15/1976
re_File_2428.txt,2428,9/16/1976
re_File_2429.txt,2429,9/16/1976
re_File_2430.txt,2430,9/16/1976
re_File_2431.txt,2431,9/17/1976
re_File_2432.txt,2432,9/17/1976
re_File_2433.txt,2433,9/20/1976
re_File_2434.txt,2434,9/22/1976
re_File_2436.txt,2436,9/24/1976
re_File_2437.txt,2437,9/24/1976
re_File_2438.txt,2438,9/26/1976
re_File_2439.txt,2439,9/26/1976
re_File_2440.txt,2440,9/26/1976
re_File_2441.txt,2441,9/26/1976
re_File_2442.txt,2442,9/26/1976
re_File_2443.txt,2443,9/27/1976
re_File_2444.txt,2444,9/27/1976
re_File_2445.txt,2445,9/28/1976
re_File_2446.txt,2446,9/29/1976
re_File_2447.txt,2447,9/30/1976
re_File_2448.txt,2448,10/2/1976
re_File_2449.txt,2449,10/4/1976
re_File_2450.txt,2450,10/6/1976
re_File_2451.txt,2451,10/6/1976
re_File_2452.txt,2452,10/7/1976
re_File_2453.txt,2453,10/7/1976
re_File_2454.txt,2454,10/7/1976
re_File_2455.txt,2455,10/8/1976
re_File_2456.txt,2456,10/8/1976
re_File_2457.txt,2457,10/8/1976
re_File_2458.txt,2458,10/8/1976
re_File_2459.txt,2459,10/8/1976
re_File_2460.txt,2460,10/8/1976
re_File_2461.txt,2461,10/9/1976
re_File_2462.txt,2462,10/9/1976
re_File_2463.txt,2463,10/9/1976
re_File_2464.txt,2464,10/11/1976
re_File_2465.txt,2465,10/12/1976
re_File_2466.txt,2466,10/12/1976
re_File_2468.txt,2468,10/12/1976
re_File_2469.txt,2469,10/13/1976
re_File_2470.txt,2470,10/13/1976
re_File_2471.txt,2471,10/13/1976
re_File_2472.txt,2472,10/13/1976
re_File_2473.txt,2473,10/13/1976
re_File_2474.txt,2474,10/13/1976
re_File_2475.txt,2475,10/14/1976
re_File_2476.txt,2476,10/15/1976
re_File_2477.txt,2477,10/15/1976
re_File_2478.txt,2478,10/16/1976
re_File_2479.txt,2479,10/16/1976
re_File_2480.txt,2480,10/16/1976
re_File_2481.txt,2481,10/16/1976
re_File_2482.txt,2482,10/16/1976
re_File_2483.txt,2483,10/16/1976
re_File_2484.txt,2484,10/16/1976
re_File_2485.txt,2485,10/16/1976
re_File_2487.txt,2487,10/21/1976
re_File_2488.txt,2488,10/21/1976
re_File_2489.txt,2489,10/21/1976
re_File_2490.txt,2490,10/22/1976
re_File_2491.txt,2491,10/23/1976
re_File_2492.txt,2492,10/23/1976
re_File_2493.txt,2493,10/23/1976
re_File_2494.txt,2494,10/23/1976
re_File_2495.txt,2495,10/24/1976
re_File_2496.txt,2496,10/24/1976
re_File_2497.txt,2497,10/24/1976
re_File_2498.txt,2498,10/24/1976
re_File_2499.txt,2499,10/25/1976
re_File_2500.txt,2500,10/25/1976
re_File_2501.txt,2501,10/25/1976
re_File_2502.txt,2502,10/25/1976
re_File_2503.txt,2503,10/25/1976
re_File_2504.txt,2504,10/25/1976
re_File_2505.txt,2505,10/25/1976
re_File_2506.txt,2506,10/26/1976
re_File_2507.txt,2507,10/26/1976
re_File_2508.txt,2508,10/26/1976
re_File_2509.txt,2509,10/26/1976
re_File_2510.txt,2510,10/26/1976
re_File_2511.txt,2511,10/27/1976
re_File_2512.txt,2512,10/27/1976
re_File_2513.txt,2513,10/27/1976
re_File_2514.txt,2514,10/27/1976
re_File_2515.txt,2515,10/27/1976
re_File_2516.txt,2516,10/27/1976
re_File_2517.txt,2517,10/27/1976
re_File_2518.txt,2518,10/27/1976
re_File_2519.txt,2519,10/28/1976
re_File_2520.txt,2520,10/28/1976
re_File_2521.txt,2521,10/28/1976
re_File_2522.txt,2522,10/28/1976
re_File_2523.txt,2523,10/28/1976
re_File_2524.txt,2524,10/28/1976
re_File_2525.txt,2525,10/28/1976
re_File_2526.txt,2526,10/29/1976
re_File_2527.txt,2527,10/29/1976
re_File_2528.txt,2528,10/29/1976
re_File_2529.txt,2529,10/29/1976
re_File_2530.txt,2530,10/29/1976
re_File_2531.txt,2531,10/30/1976
re_File_2532.txt,2532,10/30/1976
re_File_2533.txt,2533,10/31/1976
re_File_2534.txt,2534,10/31/1976
re_File_2535.txt,2535,10/31/1976
re_File_2536.txt,2536,10/31/1976
re_File_2537.txt,2537,10/31/1976
re_File_2538.txt,2538,11/1/1976
re_File_2539.txt,2539,11/1/1976
re_File_2540.txt,2540,11/1/1976
re_File_2541.txt,2541,11/1/1976
re_File_2542.txt,2542,11/1/1976
re_File_2543.txt,2543,11/1/1976
re_File_2544.txt,2544,11/1/1976
re_File_2545.txt,2545,11/1/1976
re_File_2546.txt,2546,11/1/1976
re_File_2547.txt,2547,8/14/1980
re_File_2548.txt,2548,9/1/1980
re_File_2549.txt,2549,9/1/1980
re_File_2550.txt,2550,9/4/1980
re_File_2551.txt,2551,9/15/1980
re_File_2552.txt,2552,9/15/1980
re_File_2553.txt,2553,9/15/1980
re_File_2555.txt,2555,9/16/1980
re_File_2556.txt,2556,9/16/1980
re_File_2557.txt,2557,9/16/1980
re_File_2558.txt,2558,9/16/1980
re_File_2559.txt,2559,9/18/1980
re_File_2560.txt,2560,9/20/1980
re_File_2561.txt,2561,9/22/1980
re_File_2562.txt,2562,9/22/1980
re_File_2563.txt,2563,9/22/1980
re_File_2564.txt,2564,9/22/1980
re_File_2565.txt,2565,9/23/1980
re_File_2566.txt,2566,9/23/1980
re_File_2567.txt,2567,9/23/1980
re_File_2568.txt,2568,9/23/1980
re_File_2570.txt,2570,9/26/1980
re_File_2571.txt,2571,9/29/1980
re_File_2572.txt,2572,9/29/1980
re_File_2573.txt,2573,9/30/1980
re_File_2575.txt,2575,10/2/1980
re_File_2576.txt,2576,10/3/1980
re_File_2577.txt,2577,10/6/1980
re_File_2578.txt,2578,10/6/1980
re_File_2579.txt,2579,10/6/1980
re_File_2580.txt,2580,10/9/1980
re_File_2581.txt,2581,10/9/1980
re_File_2582.txt,2582,10/9/1980
re_File_2583.txt,2583,10/9/1980
re_File_2584.txt,2584,10/9/1980
re_File_2585.txt,2585,10/9/1980
re_File_2587.txt,2587,10/13/1980
re_File_2588.txt,2588,10/15/1980
re_File_2589.txt,2589,10/15/1980
re_File_2590.txt,2590,10/15/1980
re_File_2591.txt,2591,10/15/1980
re_File_2592.txt,2592,10/15/1980
re_File_2593.txt,2593,10/16/1980
re_File_2594.txt,2594,10/16/1980
re_File_2595.txt,2595,10/16/1980
re_File_2596.txt,2596,10/19/1980
re_File_2597.txt,2597,10/20/1980
re_File_2598.txt,2598,10/20/1980
re_File_2599.txt,2599,10/20/1980
re_File_2600.txt,2600,10/20/1980
re_File_2601.txt,2601,10/20/1980
re_File_2602.txt,2602,10/21/1980
re_File_2603.txt,2603,10/21/1980
re_File_2604.txt,2604,10/21/1980
re_File_2605.txt,2605,10/21/1980
re_File_2606.txt,2606,10/22/1980
re_File_2607.txt,2607,10/22/1980
re_File_2608.txt,2608,10/22/1980
re_File_2609.txt,2609,10/22/1980
re_File_2610.txt,2610,10/23/1980
re_File_2611.txt,2611,10/24/1980
re_File_2612.txt,2612,10/25/1980
re_File_2613.txt,2613,10/27/1980
re_File_2614.txt,2614,10/29/1980
re_File_2615.txt,2615,10/29/1980
re_File_2616.txt,2616,10/29/1980
re_File_2617.txt,2617,10/30/1980
re_File_2618.txt,2618,10/30/1980
re_File_2619.txt,2619,10/30/1980
re_File_2621.txt,2621,10/31/1980
re_File_2622.txt,2622,10/31/1980
re_File_2623.txt,2623,10/31/1980
re_File_2624.txt,2624,10/31/1980
re_File_2625.txt,2625,11/1/1980
re_File_2626.txt,2626,11/1/1980
re_File_2627.txt,2627,11/1/1980
re_File_2628.txt,2628,11/1/1980
re_File_2629.txt,2629,11/1/1980
re_File_2630.txt,2630,11/3/1980
re_File_2631.txt,2631,11/3/1980
re_File_2632.txt,2632,11/3/1980
re_File_2633.txt,2633,11/3/1980
re_File_2634.txt,2634,11/3/1980
re_File_2635.txt,2635,11/3/1980
re_File_2636.txt,2636,7/17/1980
re_File_2637.txt,2637,9/1/1980
re_File_2638.txt,2638,9/3/1980
re_File_2639.txt,2639,9/4/1980
re_File_2640.txt,2640,9/7/1980
re_File_2641.txt,2641,9/7/1980
re_File_2642.txt,2642,9/9/1980
re_File_2644.txt,2644,9/10/1980
re_File_2645.txt,2645,9/11/1980
re_File_2646.txt,2646,9/13/1980
re_File_2647.txt,2647,9/13/1980
re_File_2648.txt,2648,9/16/1980
re_File_2649.txt,2649,9/16/1980
re_File_2651.txt,2651,9/22/1980
re_File_2653.txt,2653,9/23/1980
re_File_2654.txt,2654,9/23/1980
re_File_2655.txt,2655,9/24/1980
re_File_2656.txt,2656,9/24/1980
re_File_2657.txt,2657,9/25/1980
re_File_2658.txt,2658,9/25/1980
re_File_2659.txt,2659,9/26/1980
re_File_2660.txt,2660,9/30/1980
re_File_2661.txt,2661,9/30/1980
re_File_2662.txt,2662,10/1/1980
re_File_2663.txt,2663,10/2/1980
re_File_2664.txt,2664,10/2/1980
re_File_2665.txt,2665,10/2/1980
re_File_2666.txt,2666,10/2/1980
re_File_2667.txt,2667,10/3/1980
re_File_2668.txt,2668,10/3/1980
re_File_2669.txt,2669,10/3/1980
re_File_2670.txt,2670,10/4/1980
re_File_2671.txt,2671,10/6/1980
re_File_2672.txt,2672,10/6/1980
re_File_2673.txt,2673,10/7/1980
re_File_2674.txt,2674,10/7/1980
re_File_2675.txt,2675,10/7/1980
re_File_2676.txt,2676,10/7/1980
re_File_2677.txt,2677,10/8/1980
re_File_2678.txt,2678,10/8/1980
re_File_2679.txt,2679,10/8/1980
re_File_2680.txt,2680,10/9/1980
re_File_2682.txt,2682,10/10/1980
re_File_2683.txt,2683,10/10/1980
re_File_2684.txt,2684,10/12/1980
re_File_2685.txt,2685,10/14/1980
re_File_2686.txt,2686,10/14/1980
re_File_2687.txt,2687,10/14/1980
re_File_2688.txt,2688,10/15/1980
re_File_2689.txt,2689,10/15/1980
re_File_2690.txt,2690,10/15/1980
re_File_2691.txt,2691,10/17/1980
re_File_2692.txt,2692,10/19/1980
re_File_2693.txt,2693,10/20/1980
re_File_2694.txt,2694,10/20/1980
re_File_2695.txt,2695,10/20/1980
re_File_2696.txt,2696,10/21/1980
re_File_2697.txt,2697,10/21/1980
re_File_2698.txt,2698,10/24/1980
re_File_2699.txt,2699,10/29/1980
re_File_2700.txt,2700,10/30/1980
re_File_2701.txt,2701,10/30/1980
re_File_2703.txt,2703,11/3/1980
re_File_2704.txt,2704,11/4/1980
re_File_2705.txt,2705,7/19/1984
re_File_2706.txt,2706,9/2/1984
re_File_2708.txt,2708,9/3/1984
re_File_2709.txt,2709,9/4/1984
re_File_2711.txt,2711,9/5/1984
re_File_2712.txt,2712,9/5/1984
re_File_2713.txt,2713,9/6/1984
re_File_2714.txt,2714,9/6/1984
re_File_2715.txt,2715,9/6/1984
re_File_2716.txt,2716,9/9/1984
re_File_2717.txt,2717,9/10/1984
re_File_2718.txt,2718,9/12/1984
re_File_2719.txt,2719,9/13/1984
re_File_2721.txt,2721,9/15/1984
re_File_2722.txt,2722,9/16/1984
re_File_2723.txt,2723,9/17/1984
re_File_2725.txt,2725,9/17/1984
re_File_2727.txt,2727,9/19/1984
re_File_2728.txt,2728,9/20/1984
re_File_2729.txt,2729,9/23/1984
re_File_2730.txt,2730,9/23/1984
re_File_2731.txt,2731,9/23/1984
re_File_2732.txt,2732,9/24/1984
re_File_2733.txt,2733,9/25/1984
re_File_2734.txt,2734,9/29/1984
re_File_2736.txt,2736,9/30/1984
re_File_2737.txt,2737,10/1/1984
re_File_2740.txt,2740,10/4/1984
re_File_2741.txt,2741,10/8/1984
re_File_2742.txt,2742,10/8/1984
re_File_2743.txt,2743,10/9/1984
re_File_2744.txt,2744,10/9/1984
re_File_2745.txt,2745,10/10/1984
re_File_2746.txt,2746,10/11/1984
re_File_2747.txt,2747,10/12/1984
re_File_2748.txt,2748,10/14/1984
re_File_2749.txt,2749,10/15/1984
re_File_2750.txt,2750,10/15/1984
re_File_2751.txt,2751,10/16/1984
re_File_2752.txt,2752,10/17/1984
re_File_2753.txt,2753,10/20/1984
re_File_2754.txt,2754,10/23/1984
re_File_2755.txt,2755,10/24/1984
re_File_2756.txt,2756,10/24/1984
re_File_2757.txt,2757,10/24/1984
re_File_2758.txt,2758,10/25/1984
re_File_2759.txt,2759,10/26/1984
re_File_2760.txt,2760,10/27/1984
re_File_2761.txt,2761,10/28/1984
re_File_2762.txt,2762,10/29/1984
re_File_2764.txt,2764,10/30/1984
re_File_2765.txt,2765,10/30/1984
re_File_2766.txt,2766,10/31/1984
re_File_2767.txt,2767,11/1/1984
re_File_2768.txt,2768,11/1/1984
re_File_2769.txt,2769,11/1/1984
re_File_2770.txt,2770,11/5/1984
re_File_2771.txt,2771,8/23/1984
re_File_2772.txt,2772,9/1/1984
re_File_2773.txt,2773,9/3/1984
re_File_2774.txt,2774,9/3/1984
re_File_2775.txt,2775,9/4/1984
re_File_2776.txt,2776,9/5/1984
re_File_2777.txt,2777,9/6/1984
re_File_2778.txt,2778,9/8/1984
re_File_2779.txt,2779,9/9/1984
re_File_2780.txt,2780,9/10/1984
re_File_2781.txt,2781,9/11/1984
re_File_2782.txt,2782,9/12/1984
re_File_2783.txt,2783,9/12/1984
re_File_2784.txt,2784,9/12/1984
re_File_2785.txt,2785,9/13/1984
re_File_2786.txt,2786,9/13/1984
re_File_2787.txt,2787,9/14/1984
re_File_2788.txt,2788,9/15/1984
re_File_2789.txt,2789,9/15/1984
re_File_2790.txt,2790,9/18/1984
re_File_2791.txt,2791,9/19/1984
re_File_2792.txt,2792,9/19/1984
re_File_2793.txt,2793,9/20/1984
re_File_2794.txt,2794,9/20/1984
re_File_2795.txt,2795,9/20/1984
re_File_2796.txt,2796,9/20/1984
re_File_2797.txt,2797,9/20/1984
re_File_2798.txt,2798,9/21/1984
re_File_2799.txt,2799,9/22/1984
re_File_2800.txt,2800,9/24/1984
re_File_2801.txt,2801,9/25/1984
re_File_2803.txt,2803,9/26/1984
re_File_2804.txt,2804,9/26/1984
re_File_2805.txt,2805,9/29/1984
re_File_2806.txt,2806,10/1/1984
re_File_2807.txt,2807,10/1/1984
re_File_2808.txt,2808,10/1/1984
re_File_2809.txt,2809,10/1/1984
re_File_2810.txt,2810,10/2/1984
re_File_2811.txt,2811,10/2/1984
re_File_2812.txt,2812,10/2/1984
re_File_2813.txt,2813,10/4/1984
re_File_2814.txt,2814,10/5/1984
re_File_2815.txt,2815,10/6/1984
re_File_2816.txt,2816,10/7/1984
re_File_2817.txt,2817,10/8/1984
re_File_2818.txt,2818,10/8/1984
re_File_2819.txt,2819,10/9/1984
re_File_2820.txt,2820,10/9/1984
re_File_2821.txt,2821,10/10/1984
re_File_2822.txt,2822,10/10/1984
re_File_2823.txt,2823,10/10/1984
re_File_2824.txt,2824,10/11/1984
re_File_2826.txt,2826,10/12/1984
re_File_2827.txt,2827,10/12/1984
re_File_2828.txt,2828,10/12/1984
re_File_2829.txt,2829,10/12/1984
re_File_2830.txt,2830,10/12/1984
re_File_2831.txt,2831,10/12/1984
re_File_2832.txt,2832,10/12/1984
re_File_2833.txt,2833,10/13/1984
re_File_2834.txt,2834,10/15/1984
re_File_2835.txt,2835,10/15/1984
re_File_2837.txt,2837,10/15/1984
re_File_2838.txt,2838,10/16/1984
re_File_2839.txt,2839,10/16/1984
re_File_2840.txt,2840,10/16/1984
re_File_2842.txt,2842,10/18/1984
re_File_2843.txt,2843,10/20/1984
re_File_2844.txt,2844,10/21/1984
re_File_2845.txt,2845,10/22/1984
re_File_2846.txt,2846,10/22/1984
re_File_2847.txt,2847,10/22/1984
re_File_2848.txt,2848,10/23/1984
re_File_2849.txt,2849,10/23/1984
re_File_2851.txt,2851,10/24/1984
re_File_2852.txt,2852,10/24/1984
re_File_2853.txt,2853,10/26/1984
re_File_2854.txt,2854,10/26/1984
re_File_2855.txt,2855,10/26/1984
re_File_2856.txt,2856,10/27/1984
re_File_2857.txt,2857,10/29/1984
re_File_2858.txt,2858,10/29/1984
re_File_2859.txt,2859,10/29/1984
re_File_2860.txt,2860,10/30/1984
re_File_2861.txt,2861,10/30/1984
re_File_2862.txt,2862,10/31/1984
re_File_2863.txt,2863,11/1/1984
re_File_2864.txt,2864,11/1/1984
re_File_2865.txt,2865,11/1/1984
re_File_2866.txt,2866,11/2/1984
re_File_2867.txt,2867,11/2/1984
re_File_2868.txt,2868,11/2/1984
re_File_2869.txt,2869,11/3/1984
re_File_2870.txt,2870,11/3/1984
re_File_2871.txt,2871,11/3/1984
re_File_2872.txt,2872,11/3/1984
re_File_2873.txt,2873,11/3/1984
re_File_2874.txt,2874,11/4/1984
re_File_2875.txt,2875,11/4/1984
re_File_2876.txt,2876,11/4/1984
re_File_2877.txt,2877,11/5/1984
re_File_2878.txt,2878,11/5/1984
re_File_2879.txt,2879,11/5/1984
re_File_2880.txt,2880,11/5/1984
re_File_2881.txt,2881,7/21/1988
re_File_2882.txt,2882,9/1/1988
re_File_2883.txt,2883,9/2/1988
re_File_2884.txt,2884,9/3/1988
re_File_2885.txt,2885,9/5/1988
re_File_2886.txt,2886,9/6/1988
re_File_2887.txt,2887,9/6/1988
re_File_2888.txt,2888,9/7/1988
re_File_2889.txt,2889,9/7/1988
re_File_2890.txt,2890,9/8/1988
re_File_2891.txt,2891,9/8/1988
re_File_2892.txt,2892,9/9/1988
re_File_2893.txt,2893,9/9/1988
re_File_2894.txt,2894,9/12/1988
re_File_2895.txt,2895,9/13/1988
re_File_2896.txt,2896,9/13/1988
re_File_2897.txt,2897,9/14/1988
re_File_2898.txt,2898,9/14/1988
re_File_2899.txt,2899,9/16/1988
re_File_2900.txt,2900,9/16/1988
re_File_2901.txt,2901,9/17/1988
re_File_2902.txt,2902,9/17/1988
re_File_2903.txt,2903,9/19/1988
re_File_2904.txt,2904,9/19/1988
re_File_2905.txt,2905,9/20/1988
re_File_2906.txt,2906,9/21/1988
re_File_2907.txt,2907,9/22/1988
re_File_2908.txt,2908,9/22/1988
re_File_2909.txt,2909,9/26/1988
re_File_2910.txt,2910,9/26/1988
re_File_2911.txt,2911,9/27/1988
re_File_2912.txt,2912,9/27/1988
re_File_2913.txt,2913,9/28/1988
re_File_2914.txt,2914,9/29/1988
re_File_2915.txt,2915,9/30/1988
re_File_2916.txt,2916,10/1/1988
re_File_2917.txt,2917,10/3/1988
re_File_2918.txt,2918,10/3/1988
re_File_2919.txt,2919,10/4/1988
re_File_2920.txt,2920,10/6/1988
re_File_2921.txt,2921,10/7/1988
re_File_2922.txt,2922,10/8/1988
re_File_2923.txt,2923,10/10/1988
re_File_2924.txt,2924,10/11/1988
re_File_2925.txt,2925,10/14/1988
re_File_2926.txt,2926,10/14/1988
re_File_2927.txt,2927,10/15/1988
re_File_2928.txt,2928,10/16/1988
re_File_2929.txt,2929,10/17/1988
re_File_2930.txt,2930,10/18/1988
re_File_2931.txt,2931,10/19/1988
re_File_2932.txt,2932,10/20/1988
re_File_2933.txt,2933,10/20/1988
re_File_2934.txt,2934,10/21/1988
re_File_2935.txt,2935,10/23/1988
re_File_2936.txt,2936,10/24/1988
re_File_2937.txt,2937,10/27/1988
re_File_2938.txt,2938,10/28/1988
re_File_2939.txt,2939,10/29/1988
re_File_2940.txt,2940,10/31/1988
re_File_2941.txt,2941,11/1/1988
re_File_2942.txt,2942,11/3/1988
re_File_2943.txt,2943,11/7/1988
re_File_2944.txt,2944,11/7/1988
re_File_2945.txt,2945,11/8/1988
re_File_2946.txt,2946,11/8/1988
re_File_2947.txt,2947,8/18/1988
re_File_2948.txt,2948,9/1/1988
re_File_2949.txt,2949,9/2/1988
re_File_2950.txt,2950,9/5/1988
re_File_2951.txt,2951,9/5/1988
re_File_2952.txt,2952,9/7/1988
re_File_2953.txt,2953,9/7/1988
re_File_2954.txt,2954,9/9/1988
re_File_2955.txt,2955,9/12/1988
re_File_2956.txt,2956,9/12/1988
re_File_2957.txt,2957,9/13/1988
re_File_2958.txt,2958,9/14/1988
re_File_2959.txt,2959,9/14/1988
re_File_2960.txt,2960,9/15/1988
re_File_2961.txt,2961,9/19/1988
re_File_2962.txt,2962,9/19/1988
re_File_2963.txt,2963,9/27/1988
re_File_2964.txt,2964,10/3/1988
re_File_2965.txt,2965,10/4/1988
re_File_2966.txt,2966,10/5/1988
re_File_2967.txt,2967,10/6/1988
re_File_2968.txt,2968,10/6/1988
re_File_2969.txt,2969,10/7/1988
re_File_2970.txt,2970,10/7/1988
re_File_2971.txt,2971,10/10/1988
re_File_2972.txt,2972,10/11/1988
re_File_2973.txt,2973,10/17/1988
re_File_2974.txt,2974,10/18/1988
re_File_2975.txt,2975,10/19/1988
re_File_2976.txt,2976,10/21/1988
re_File_2977.txt,2977,10/22/1988
re_File_2978.txt,2978,10/24/1988
re_File_2979.txt,2979,10/25/1988
re_File_2980.txt,2980,10/26/1988
re_File_2981.txt,2981,10/27/1988
re_File_2982.txt,2982,10/27/1988
re_File_2983.txt,2983,10/28/1988
re_File_2984.txt,2984,10/30/1988
re_File_2985.txt,2985,11/1/1988
re_File_2988.txt,2988,7/16/1992
re_File_2989.txt,2989,9/1/1992
re_File_2990.txt,2990,9/2/1992
re_File_2992.txt,2992,9/7/1992
re_File_2993.txt,2993,9/8/1992
re_File_2994.txt,2994,9/9/1992
re_File_2995.txt,2995,9/9/1992
re_File_2996.txt,2996,9/9/1992
re_File_2997.txt,2997,9/11/1992
re_File_2998.txt,2998,9/15/1992
re_File_2999.txt,2999,9/15/1992
re_File_3000.txt,3000,9/16/1992
re_File_3001.txt,3001,9/16/1992
re_File_3002.txt,3002,9/17/1992
re_File_3003.txt,3003,9/18/1992
re_File_3004.txt,3004,9/20/1992
re_File_3006.txt,3006,9/22/1992
re_File_3007.txt,3007,9/23/1992
re_File_3008.txt,3008,9/24/1992
re_File_3009.txt,3009,9/25/1992
re_File_3010.txt,3010,9/25/1992
re_File_3011.txt,3011,9/26/1992
re_File_3012.txt,3012,9/26/1992
re_File_3013.txt,3013,9/26/1992
re_File_3014.txt,3014,9/26/1992
re_File_3015.txt,3015,9/27/1992
re_File_3016.txt,3016,9/27/1992
re_File_3017.txt,3017,9/29/1992
re_File_3018.txt,3018,9/29/1992
re_File_3019.txt,3019,9/30/1992
re_File_3020.txt,3020,10/1/1992
re_File_3021.txt,3021,10/1/1992
re_File_3022.txt,3022,10/2/1992
re_File_3023.txt,3023,10/2/1992
re_File_3024.txt,3024,10/2/1992
re_File_3025.txt,3025,10/3/1992
re_File_3026.txt,3026,10/3/1992
re_File_3027.txt,3027,10/3/1992
re_File_3028.txt,3028,10/4/1992
re_File_3029.txt,3029,10/4/1992
re_File_3030.txt,3030,10/4/1992
re_File_3031.txt,3031,10/5/1992
re_File_3033.txt,3033,10/12/1992
re_File_3034.txt,3034,10/12/1992
re_File_3035.txt,3035,10/21/1992
re_File_3036.txt,3036,10/21/1992
re_File_3037.txt,3037,10/21/1992
re_File_3038.txt,3038,10/22/1992
re_File_3039.txt,3039,10/22/1992
re_File_3041.txt,3041,10/23/1992
re_File_3042.txt,3042,10/24/1992
re_File_3043.txt,3043,10/24/1992
re_File_3044.txt,3044,10/24/1992
re_File_3045.txt,3045,10/24/1992
re_File_3046.txt,3046,10/25/1992
re_File_3047.txt,3047,10/25/1992
re_File_3049.txt,3049,10/26/1992
re_File_3050.txt,3050,10/27/1992
re_File_3051.txt,3051,10/27/1992
re_File_3052.txt,3052,10/28/1992
re_File_3053.txt,3053,10/28/1992
re_File_3054.txt,3054,10/29/1992
re_File_3055.txt,3055,10/29/1992
re_File_3056.txt,3056,10/29/1992
re_File_3057.txt,3057,10/30/1992
re_File_3058.txt,3058,10/30/1992
re_File_3059.txt,3059,10/31/1992
re_File_3060.txt,3060,11/1/1992
re_File_3061.txt,3061,11/2/1992
re_File_3062.txt,3062,11/2/1992
re_File_3063.txt,3063,11/2/1992
re_File_3064.txt,3064,8/20/1992
re_File_3066.txt,3066,9/2/1992
re_File_3067.txt,3067,9/2/1992
re_File_3068.txt,3068,9/2/1992
re_File_3069.txt,3069,9/4/1992
re_File_3070.txt,3070,9/5/1992
re_File_3071.txt,3071,9/5/1992
re_File_3072.txt,3072,9/5/1992
re_File_3073.txt,3073,9/6/1992
re_File_3074.txt,3074,9/7/1992
re_File_3075.txt,3075,9/7/1992
re_File_3076.txt,3076,9/8/1992
re_File_3077.txt,3077,9/9/1992
re_File_3078.txt,3078,9/9/1992
re_File_3079.txt,3079,9/10/1992
re_File_3080.txt,3080,9/11/1992
re_File_3082.txt,3082,9/11/1992
re_File_3083.txt,3083,9/11/1992
re_File_3084.txt,3084,9/12/1992
re_File_3085.txt,3085,9/13/1992
re_File_3086.txt,3086,9/14/1992
re_File_3087.txt,3087,9/14/1992
re_File_3088.txt,3088,9/14/1992
re_File_3089.txt,3089,9/15/1992
re_File_3090.txt,3090,9/15/1992
re_File_3091.txt,3091,9/15/1992
re_File_3092.txt,3092,9/17/1992
re_File_3093.txt,3093,9/17/1992
re_File_3095.txt,3095,9/18/1992
re_File_3096.txt,3096,9/22/1992
re_File_3097.txt,3097,9/22/1992
re_File_3098.txt,3098,9/22/1992
re_File_3099.txt,3099,9/22/1992
re_File_3100.txt,3100,9/22/1992
re_File_3102.txt,3102,9/23/1992
re_File_3103.txt,3103,9/23/1992
re_File_3104.txt,3104,9/23/1992
re_File_3105.txt,3105,9/25/1992
re_File_3106.txt,3106,9/25/1992
re_File_3107.txt,3107,9/25/1992
re_File_3108.txt,3108,9/26/1992
re_File_3109.txt,3109,9/26/1992
re_File_3110.txt,3110,9/26/1992
re_File_3111.txt,3111,9/26/1992
re_File_3112.txt,3112,9/26/1992
re_File_3113.txt,3113,9/26/1992
re_File_3114.txt,3114,9/27/1992
re_File_3115.txt,3115,9/27/1992
re_File_3116.txt,3116,9/27/1992
re_File_3117.txt,3117,9/27/1992
re_File_3118.txt,3118,9/28/1992
re_File_3119.txt,3119,9/28/1992
re_File_3120.txt,3120,9/29/1992
re_File_3121.txt,3121,9/29/1992
re_File_3123.txt,3123,9/29/1992
re_File_3124.txt,3124,9/29/1992
re_File_3125.txt,3125,9/30/1992
re_File_3126.txt,3126,9/30/1992
re_File_3127.txt,3127,9/30/1992
re_File_3128.txt,3128,9/30/1992
re_File_3129.txt,3129,9/30/1992
re_File_3130.txt,3130,10/3/1992
re_File_3131.txt,3131,10/3/1992
re_File_3132.txt,3132,10/3/1992
re_File_3133.txt,3133,10/5/1992
re_File_3134.txt,3134,10/8/1992
re_File_3135.txt,3135,10/8/1992
re_File_3136.txt,3136,10/8/1992
re_File_3138.txt,3138,10/9/1992
re_File_3139.txt,3139,10/11/1992
re_File_3140.txt,3140,10/11/1992
re_File_3141.txt,3141,10/12/1992
re_File_3142.txt,3142,10/12/1992
re_File_3143.txt,3143,10/12/1992
re_File_3144.txt,3144,10/12/1992
re_File_3145.txt,3145,10/16/1992
re_File_3147.txt,3147,10/20/1992
re_File_3148.txt,3148,10/20/1992
re_File_3149.txt,3149,10/20/1992
re_File_3150.txt,3150,10/20/1992
re_File_3151.txt,3151,10/21/1992
re_File_3152.txt,3152,10/21/1992
re_File_3153.txt,3153,10/21/1992
re_File_3154.txt,3154,10/21/1992
re_File_3155.txt,3155,10/21/1992
re_File_3156.txt,3156,10/22/1992
re_File_3157.txt,3157,10/22/1992
re_File_3158.txt,3158,10/22/1992
re_File_3159.txt,3159,10/23/1992
re_File_3160.txt,3160,10/24/1992
re_File_3161.txt,3161,10/25/1992
re_File_3162.txt,3162,10/25/1992
re_File_3163.txt,3163,10/26/1992
re_File_3164.txt,3164,10/26/1992
re_File_3166.txt,3166,10/27/1992
re_File_3167.txt,3167,10/28/1992
re_File_3168.txt,3168,10/28/1992
re_File_3169.txt,3169,10/28/1992
re_File_3170.txt,3170,10/28/1992
re_File_3171.txt,3171,10/29/1992
re_File_3172.txt,3172,10/29/1992
re_File_3173.txt,3173,10/29/1992
re_File_3174.txt,3174,10/30/1992
re_File_3175.txt,3175,10/30/1992
re_File_3176.txt,3176,10/31/1992
re_File_3177.txt,3177,10/31/1992
re_File_3178.txt,3178,10/31/1992
re_File_3179.txt,3179,10/31/1992
re_File_3180.txt,3180,10/31/1992
re_File_3181.txt,3181,11/1/1992
re_File_3182.txt,3182,11/1/1992
re_File_3183.txt,3183,11/2/1992
re_File_3184.txt,3184,11/2/1992
re_File_3185.txt,3185,11/2/1992
re_File_3186.txt,3186,11/2/1992
re_File_3187.txt,3187,11/2/1992
re_File_3188.txt,3188,11/2/1992
re_File_3190.txt,3190,8/29/1996
re_File_3191.txt,3191,9/1/1996
re_File_3192.txt,3192,9/2/1996
re_File_3193.txt,3193,9/3/1996
re_File_3194.txt,3194,9/5/1996
re_File_3195.txt,3195,9/5/1996
re_File_3196.txt,3196,9/6/1996
re_File_3197.txt,3197,9/6/1996
re_File_3198.txt,3198,9/6/1996
re_File_3200.txt,3200,9/7/1996
re_File_3201.txt,3201,9/10/1996
re_File_3202.txt,3202,9/10/1996
re_File_3203.txt,3203,9/11/1996
re_File_3204.txt,3204,9/11/1996
re_File_3205.txt,3205,9/11/1996
re_File_3206.txt,3206,9/12/1996
re_File_3207.txt,3207,9/12/1996
re_File_3208.txt,3208,9/12/1996
re_File_3209.txt,3209,9/14/1996
re_File_3210.txt,3210,9/14/1996
re_File_3211.txt,3211,9/15/1996
re_File_3212.txt,3212,9/16/1996
re_File_3213.txt,3213,9/16/1996
re_File_3214.txt,3214,9/17/1996
re_File_3215.txt,3215,9/18/1996
re_File_3216.txt,3216,9/19/1996
re_File_3217.txt,3217,9/19/1996
re_File_3218.txt,3218,9/19/1996
re_File_3219.txt,3219,9/19/1996
re_File_3220.txt,3220,9/19/1996
re_File_3221.txt,3221,9/20/1996
re_File_3222.txt,3222,9/20/1996
re_File_3223.txt,3223,9/21/1996
re_File_3224.txt,3224,9/24/1996
re_File_3225.txt,3225,9/25/1996
re_File_3226.txt,3226,9/25/1996
re_File_3227.txt,3227,9/25/1996
re_File_3228.txt,3228,9/26/1996
re_File_3229.txt,3229,9/26/1996
re_File_3230.txt,3230,9/27/1996
re_File_3231.txt,3231,9/27/1996
re_File_3232.txt,3232,9/27/1996
re_File_3233.txt,3233,9/28/1996
re_File_3234.txt,3234,9/28/1996
re_File_3235.txt,3235,9/28/1996
re_File_3236.txt,3236,9/28/1996
re_File_3237.txt,3237,9/28/1996
re_File_3238.txt,3238,10/3/1996
re_File_3239.txt,3239,10/5/1996
re_File_3240.txt,3240,10/7/1996
re_File_3241.txt,3241,10/7/1996
re_File_3242.txt,3242,10/7/1996
re_File_3243.txt,3243,10/10/1996
re_File_3244.txt,3244,10/10/1996
re_File_3245.txt,3245,10/10/1996
re_File_3246.txt,3246,10/12/1996
re_File_3248.txt,3248,10/13/1996
re_File_3249.txt,3249,10/13/1996
re_File_3250.txt,3250,10/14/1996
re_File_3251.txt,3251,10/15/1996
re_File_3252.txt,3252,10/15/1996
re_File_3253.txt,3253,10/16/1996
re_File_3254.txt,3254,10/17/1996
re_File_3255.txt,3255,10/19/1996
re_File_3256.txt,3256,10/20/1996
re_File_3257.txt,3257,10/20/1996
re_File_3258.txt,3258,10/20/1996
re_File_3259.txt,3259,10/21/1996
re_File_3260.txt,3260,10/21/1996
re_File_3261.txt,3261,10/21/1996
re_File_3262.txt,3262,10/22/1996
re_File_3263.txt,3263,10/22/1996
re_File_3264.txt,3264,10/22/1996
re_File_3265.txt,3265,10/23/1996
re_File_3266.txt,3266,10/23/1996
re_File_3267.txt,3267,10/24/1996
re_File_3268.txt,3268,10/24/1996
re_File_3269.txt,3269,10/24/1996
re_File_3270.txt,3270,10/25/1996
re_File_3271.txt,3271,10/25/1996
re_File_3272.txt,3272,10/25/1996
re_File_3273.txt,3273,10/26/1996
re_File_3274.txt,3274,10/27/1996
re_File_3275.txt,3275,10/27/1996
re_File_3276.txt,3276,10/28/1996
re_File_3277.txt,3277,10/28/1996
re_File_3278.txt,3278,10/28/1996
re_File_3279.txt,3279,10/29/1996
re_File_3280.txt,3280,10/29/1996
re_File_3281.txt,3281,10/30/1996
re_File_3282.txt,3282,10/30/1996
re_File_3283.txt,3283,10/30/1996
re_File_3285.txt,3285,11/1/1996
re_File_3286.txt,3286,11/1/1996
re_File_3287.txt,3287,11/1/1996
re_File_3288.txt,3288,11/2/1996
re_File_3289.txt,3289,11/2/1996
re_File_3290.txt,3290,11/2/1996
re_File_3291.txt,3291,11/3/1996
re_File_3292.txt,3292,11/3/1996
re_File_3293.txt,3293,11/3/1996
re_File_3294.txt,3294,11/4/1996
re_File_3295.txt,3295,11/4/1996
re_File_3296.txt,3296,11/4/1996
re_File_3297.txt,3297,11/4/1996
re_File_3298.txt,3298,11/4/1996
re_File_3299.txt,3299,11/4/1996
re_File_3300.txt,3300,11/5/1996
re_File_3301.txt,3301,8/15/1996
re_File_3302.txt,3302,9/1/1996
re_File_3303.txt,3303,9/1/1996
re_File_3304.txt,3304,9/2/1996
re_File_3305.txt,3305,9/3/1996
re_File_3306.txt,3306,9/7/1996
re_File_3307.txt,3307,9/10/1996
re_File_3308.txt,3308,9/11/1996
re_File_3309.txt,3309,9/13/1996
re_File_3310.txt,3310,9/14/1996
re_File_3311.txt,3311,9/14/1996
re_File_3312.txt,3312,9/16/1996
re_File_3313.txt,3313,9/17/1996
re_File_3314.txt,3314,9/18/1996
re_File_3315.txt,3315,9/19/1996
re_File_3316.txt,3316,9/21/1996
re_File_3317.txt,3317,9/23/1996
re_File_3318.txt,3318,9/24/1996
re_File_3319.txt,3319,9/24/1996
re_File_3320.txt,3320,9/25/1996
re_File_3321.txt,3321,9/26/1996
re_File_3322.txt,3322,9/28/1996
re_File_3323.txt,3323,10/1/1996
re_File_3324.txt,3324,10/2/1996
re_File_3325.txt,3325,10/3/1996
re_File_3326.txt,3326,10/5/1996
re_File_3327.txt,3327,10/7/1996
re_File_3328.txt,3328,10/7/1996
re_File_3329.txt,3329,10/7/1996
re_File_3330.txt,3330,10/7/1996
re_File_3331.txt,3331,10/8/1996
re_File_3332.txt,3332,10/10/1996
re_File_3333.txt,3333,10/11/1996
re_File_3334.txt,3334,10/13/1996
re_File_3335.txt,3335,10/14/1996
re_File_3336.txt,3336,10/15/1996
re_File_3337.txt,3337,10/15/1996
re_File_3338.txt,3338,10/15/1996
re_File_3339.txt,3339,10/17/1996
re_File_3340.txt,3340,10/18/1996
re_File_3341.txt,3341,10/19/1996
re_File_3342.txt,3342,10/20/1996
re_File_3343.txt,3343,10/21/1996
re_File_3344.txt,3344,10/21/1996
re_File_3345.txt,3345,10/21/1996
re_File_3346.txt,3346,10/22/1996
re_File_3347.txt,3347,10/22/1996
re_File_3348.txt,3348,10/22/1996
re_File_3349.txt,3349,10/22/1996
re_File_3350.txt,3350,10/23/1996
re_File_3351.txt,3351,10/23/1996
re_File_3352.txt,3352,10/23/1996
re_File_3353.txt,3353,10/24/1996
re_File_3354.txt,3354,10/24/1996
re_File_3355.txt,3355,10/25/1996
re_File_3356.txt,3356,10/25/1996
re_File_3357.txt,3357,10/25/1996
re_File_3358.txt,3358,10/26/1996
re_File_3359.txt,3359,10/26/1996
re_File_3360.txt,3360,10/26/1996
re_File_3361.txt,3361,10/26/1996
re_File_3362.txt,3362,10/26/1996
re_File_3363.txt,3363,10/26/1996
re_File_3364.txt,3364,10/26/1996
re_File_3365.txt,3365,10/28/1996
re_File_3366.txt,3366,10/28/1996
re_File_3367.txt,3367,10/30/1996
re_File_3368.txt,3368,10/31/1996
re_File_3369.txt,3369,10/31/1996
re_File_3370.txt,3370,11/1/1996
re_File_3371.txt,3371,11/1/1996
re_File_3372.txt,3372,11/2/1996
re_File_3373.txt,3373,11/2/1996
re_File_3374.txt,3374,11/2/1996
re_File_3375.txt,3375,11/2/1996
re_File_3376.txt,3376,11/4/1996
re_File_3377.txt,3377,11/4/1996
re_File_3378.txt,3378,11/5/1996
re_File_897.txt,897,7/21/1952
re_File_898.txt,898,7/26/1952
re_File_899.txt,899,8/14/1952
re_File_900.txt,900,8/27/1952
re_File_901.txt,901,8/28/1952
re_File_902.txt,902,8/28/1952
re_File_903.txt,903,9/1/1952
re_File_904.txt,904,9/1/1952
re_File_905.txt,905,9/1/1952
re_File_906.txt,906,9/1/1952
re_File_907.txt,907,9/5/1952
re_File_908.txt,908,9/5/1952
re_File_909.txt,909,9/5/1952
re_File_910.txt,910,9/6/1952
re_File_911.txt,911,9/6/1952
re_File_912.txt,912,9/6/1952
re_File_913.txt,913,9/6/1952
re_File_914.txt,914,9/8/1952
re_File_915.txt,915,9/8/1952
re_File_916.txt,916,9/9/1952
re_File_917.txt,917,9/10/1952
re_File_918.txt,918,9/10/1952
re_File_919.txt,919,9/10/1952
re_File_920.txt,920,9/10/1952
re_File_921.txt,921,9/10/1952
re_File_922.txt,922,9/10/1952
re_File_923.txt,923,9/10/1952
re_File_924.txt,924,9/11/1952
re_File_925.txt,925,9/11/1952
re_File_926.txt,926,9/11/1952
re_File_927.txt,927,9/12/1952
re_File_928.txt,928,9/12/1952
re_File_929.txt,929,9/12/1952
re_File_930.txt,930,9/16/1952
re_File_931.txt,931,9/18/1952
re_File_932.txt,932,9/18/1952
re_File_933.txt,933,9/18/1952
re_File_934.txt,934,9/18/1952
re_File_935.txt,935,9/18/1952
re_File_936.txt,936,9/18/1952
re_File_937.txt,937,9/18/1952
re_File_938.txt,938,9/18/1952
re_File_939.txt,939,9/19/1952
re_File_940.txt,940,9/19/1952
re_File_942.txt,942,9/20/1952
re_File_943.txt,943,9/20/1952
re_File_944.txt,944,9/22/1952
re_File_945.txt,945,9/23/1952
re_File_946.txt,946,9/26/1952
re_File_947.txt,947,9/26/1952
re_File_948.txt,948,9/27/1952
re_File_949.txt,949,9/27/1952
re_File_950.txt,950,9/29/1952
re_File_951.txt,951,10/3/1952
re_File_952.txt,952,10/3/1952
re_File_953.txt,953,10/3/1952
re_File_954.txt,954,10/3/1952
re_File_955.txt,955,10/4/1952
re_File_956.txt,956,10/4/1952
re_File_957.txt,957,10/4/1952
re_File_958.txt,958,10/7/1952
re_File_959.txt,959,10/7/1952
re_File_961.txt,961,10/7/1952
re_File_962.txt,962,10/7/1952
re_File_963.txt,963,10/8/1952
re_File_964.txt,964,10/8/1952
re_File_965.txt,965,10/8/1952
re_File_966.txt,966,10/9/1952
re_File_967.txt,967,10/9/1952
re_File_968.txt,968,10/9/1952
re_File_969.txt,969,10/9/1952
re_File_970.txt,970,10/9/1952
re_File_971.txt,971,10/9/1952
re_File_972.txt,972,10/9/1952
re_File_973.txt,973,10/9/1952
re_File_974.txt,974,10/10/1952
re_File_975.txt,975,10/10/1952
re_File_976.txt,976,10/10/1952
re_File_977.txt,977,10/11/1952
re_File_978.txt,978,10/11/1952
re_File_979.txt,979,10/14/1952
re_File_980.txt,980,10/14/1952
re_File_981.txt,981,10/15/1952
re_File_982.txt,982,10/15/1952
re_File_983.txt,983,10/15/1952
re_File_984.txt,984,10/16/1952
re_File_985.txt,985,10/16/1952
re_File_986.txt,986,10/16/1952
re_File_987.txt,987,10/16/1952
re_File_988.txt,988,10/16/1952
re_File_989.txt,989,10/16/1952
re_File_990.txt,990,10/16/1952
re_File_991.txt,991,10/17/1952
re_File_992.txt,992,10/17/1952
re_File_993.txt,993,10/17/1952
re_File_994.txt,994,10/18/1952
re_File_995.txt,995,10/18/1952
re_File_996.txt,996,10/18/1952
re_File_997.txt,997,10/18/1952
re_File_998.txt,998,10/19/1952
re_File_999.txt,999,10/21/1952
File_1274.txt,1274,10/22/1952
File_1290.txt,1290,10/25/1952
File_1694.txt,1694,10/29/1960
File_1703.txt,1703,10/31/1960
File_1753.txt,1753,9/15/1960
File_1869.txt,1869,11/3/1960
File_1921.txt,1921,10/7/1964
File_1970.txt,1970,10/27/1964
File_2014.txt,2014,9/17/1968
File_2032.txt,2032,9/24/1968
File_2064.txt,2064,10/15/1968
File_2066.txt,2066,10/15/1968
File_2073.txt,2073,10/17/1968
File_2093.txt,2093,10/22/1968
File_2118.txt,2118,10/28/1968
File_2122.txt,2122,10/29/1968
File_2130.txt,2130,10/30/1968
File_2131.txt,2131,10/31/1968
File_2135.txt,2135,11/1/1968
File_2161.txt,2161,9/14/1968
File_2216.txt,2216,9/7/1972
File_2297.txt,2297,10/25/1972
File_2323.txt,2323,9/27/1972
File_2347.txt,2347,10/28/1972
File_2379.txt,2379,9/27/1976
File_2397.txt,2397,10/16/1976
File_2413.txt,2413,11/1/1976
File_2420.txt,2420,9/5/1976
File_2435.txt,2435,9/23/1976
File_2467.txt,2467,10/12/1976
File_2486.txt,2486,10/19/1976
File_2554.txt,2554,9/16/1980
File_2569.txt,2569,9/25/1980
File_2574.txt,2574,10/1/1980
File_2586.txt,2586,10/13/1980
File_2620.txt,2620,10/30/1980
File_2643.txt,2643,9/10/1980
File_2650.txt,2650,9/16/1980
File_2652.txt,2652,9/22/1980
File_2681.txt,2681,10/9/1980
File_2702.txt,2702,11/1/1980
File_2707.txt,2707,9/3/1984
File_2710.txt,2710,9/4/1984
File_2720.txt,2720,9/15/1984
File_2724.txt,2724,9/17/1984
File_2726.txt,2726,9/18/1984
File_2735.txt,2735,9/29/1984
File_2738.txt,2738,10/2/1984
File_2739.txt,2739,10/3/1984
File_2763.txt,2763,10/29/1984
File_2802.txt,2802,9/26/1984
File_2825.txt,2825,10/11/1984
File_2836.txt,2836,10/15/1984
File_2841.txt,2841,10/17/1984
File_2850.txt,2850,10/24/1984
File_2986.txt,2986,11/1/1988
File_2987.txt,2987,11/7/1988
File_2991.txt,2991,9/3/1992
File_3005.txt,3005,9/21/1992
File_3032.txt,3032,10/5/1992
File_3040.txt,3040,10/23/1992
File_3048.txt,3048,10/26/1992
File_3065.txt,3065,9/1/1992
File_3081.txt,3081,9/11/1992
File_3094.txt,3094,9/17/1992
File_3101.txt,3101,9/22/1992
File_3122.txt,3122,9/29/1992
File_3137.txt,3137,10/9/1992
File_3146.txt,3146,10/19/1992
File_3165.txt,3165,10/27/1992
File_3189.txt,3189,11/3/1992
File_3199.txt,3199,9/7/1996
File_3247.txt,3247,10/12/1996
File_3284.txt,3284,10/31/1996
File_941.txt,941,9/20/1952
File_960.txt,960,10/7/1952